FL_DATE,ORIGIN,DEST,DEP_DELAY,TAXI_OUT,TAXI_IN,ARR_DELAY,AIR_TIME,DISTANCE
5/1/26 0:00,ABE,ORD,-10,8,19,5,133,654
5/1/26 0:00,ABE,ORD,-10,18,16,0,121,654
5/1/26 0:00,ABE,ORD,5,10,10,-5,115,654
5/1/26 0:00,ABQ,MDW,-3,8,5,-29,126,1121
5/1/26 0:00,ABQ,ORD,-8,13,12,-35,132,1118
5/1/26 0:00,ABQ,ORD,-7,8,13,-31,136,1118
5/1/26 0:00,ABQ,ORD,4,12,21,-5,138,1118
5/1/26 0:00,ABQ,ORD,53,9,20,31,133,1118
5/1/26 0:00,ALB,MDW,-9,8,3,-17,111,717
5/1/26 0:00,ALB,MDW,26,9,3,13,110,717
5/1/26 0:00,ALB,ORD,-10,9,21,-19,118,723
5/1/26 0:00,ALB,ORD,-10,22,21,-9,121,723
5/1/26 0:00,ALB,ORD,-7,21,32,-12,116,723
5/1/26 0:00,ALB,ORD,-7,28,50,32,116,723
5/1/26 0:00,ALB,ORD,-6,12,19,-31,118,723
5/1/26 0:00,ALB,ORD,-4,14,27,-25,115,723
5/1/26 0:00,ALB,ORD,-2,10,31,-1,114,723
5/1/26 0:00,ALB,ORD,-2,11,28,-30,117,723
5/1/26 0:00,ALB,ORD,15,13,21,8,112,723
5/1/26 0:00,ALO,ORD,-9,13,7,-46,38,234
5/1/26 0:00,ALO,ORD,34,12,30,29,44,234
5/1/26 0:00,ANC,ORD,-11,17,14,-23,334,2846
5/1/26 0:00,ANC,ORD,-8,16,6,-46,317,2846
5/1/26 0:00,ATL,MDW,-5,12,6,-10,92,591
5/1/26 0:00,ATL,MDW,-1,14,4,-13,90,591
5/1/26 0:00,ATL,MDW,-1,16,5,-6,88,591
5/1/26 0:00,ATL,MDW,3,11,4,-3,94,591
5/1/26 0:00,ATL,MDW,3,12,4,-5,93,591
5/1/26 0:00,ATL,MDW,6,12,2,-7,88,591
5/1/26 0:00,ATL,MDW,9,11,5,12,104,591
5/1/26 0:00,ATL,MDW,10,13,6,-7,88,591
5/1/26 0:00,ATL,MDW,15,14,9,3,90,591
5/1/26 0:00,ATL,MDW,16,10,3,6,97,591
5/1/26 0:00,ATL,ORD,-12,26,35,2,102,606
5/1/26 0:00,ATL,ORD,-10,10,22,-12,109,606
5/1/26 0:00,ATL,ORD,-9,29,21,22,122,606
5/1/26 0:00,ATL,ORD,-6,13,13,-32,92,606
5/1/26 0:00,ATL,ORD,-6,16,27,-5,100,606
5/1/26 0:00,ATL,ORD,-6,25,21,2,105,606
5/1/26 0:00,ATL,ORD,-5,16,42,12,99,606
5/1/26 0:00,ATL,ORD,-5,28,35,30,97,606
5/1/26 0:00,ATL,ORD,-4,12,11,-13,97,606
5/1/26 0:00,ATL,ORD,-4,13,34,12,100,606
5/1/26 0:00,ATL,ORD,-3,15,19,0,97,606
5/1/26 0:00,ATL,ORD,-2,12,14,-5,102,606
5/1/26 0:00,ATL,ORD,-2,16,24,-11,96,606
5/1/26 0:00,ATL,ORD,1,24,35,29,100,606
5/1/26 0:00,ATL,ORD,3,10,20,-9,100,606
5/1/26 0:00,ATL,ORD,4,20,20,-7,99,606
5/1/26 0:00,ATL,ORD,7,17,35,14,98,606
5/1/26 0:00,ATL,ORD,7,18,35,24,107,606
5/1/26 0:00,ATL,ORD,10,16,7,-8,89,606
5/1/26 0:00,ATL,ORD,25,9,25,31,101,606
5/1/26 0:00,ATW,ORD,-11,9,28,-22,39,160
5/1/26 0:00,ATW,ORD,-10,10,17,-28,40,160
5/1/26 0:00,ATW,ORD,-10,18,21,-16,42,160
5/1/26 0:00,ATW,ORD,-6,14,18,-24,39,160
5/1/26 0:00,ATW,ORD,-6,16,39,5,42,160
5/1/26 0:00,ATW,ORD,-5,15,28,-9,35,160
5/1/26 0:00,ATW,ORD,1,19,42,17,42,160
5/1/26 0:00,ATW,ORD,3,21,23,-3,42,160
5/1/26 0:00,ATW,ORD,25,29,15,31,42,160
5/1/26 0:00,ATW,ORD,48,32,29,64,42,160
5/1/26 0:00,ATW,ORD,151,17,51,173,40,160
5/1/26 0:00,AUS,MDW,-6,20,5,-14,117,972
5/1/26 0:00,AUS,MDW,0,13,4,-13,115,972
5/1/26 0:00,AUS,MDW,41,17,2,24,114,972
5/1/26 0:00,AUS,MDW,82,13,3,62,114,972
5/1/26 0:00,AUS,MDW,83,14,4,62,116,972
5/1/26 0:00,AUS,ORD,-7,18,11,-32,115,977
5/1/26 0:00,AUS,ORD,-2,21,16,-17,120,977
5/1/26 0:00,AUS,ORD,0,17,15,-20,118,977
5/1/26 0:00,AUS,ORD,12,44,11,18,122,977
5/1/26 0:00,AUS,ORD,26,14,26,11,118,977
5/1/26 0:00,AUS,ORD,27,20,15,7,116,977
5/1/26 0:00,AUS,ORD,41,25,20,33,119,977
5/1/26 0:00,AUS,ORD,51,15,12,25,121,977
5/1/26 0:00,AUS,ORD,54,16,17,29,115,977
5/1/26 0:00,AUS,ORD,157,18,11,135,114,977
5/1/26 0:00,AUS,ORD,209,18,29,198,115,977
5/1/26 0:00,AVL,ORD,-7,13,26,-15,94,536
5/1/26 0:00,AVL,ORD,-6,13,23,-10,93,536
5/1/26 0:00,AVL,ORD,-6,13,32,4,96,536
5/1/26 0:00,AVL,ORD,-6,16,16,-10,99,536
5/1/26 0:00,AVL,ORD,-2,10,20,-9,95,536
5/1/26 0:00,AVL,ORD,5,17,18,2,97,536
5/1/26 0:00,AVP,ORD,-11,10,20,-29,108,632
5/1/26 0:00,AVP,ORD,-10,9,19,-14,117,632
5/1/26 0:00,AVP,ORD,-10,14,20,-22,109,632
5/1/26 0:00,AVP,ORD,67,11,19,43,107,632
5/1/26 0:00,AZA,BMI,-1,12,7,-16,151,1348
5/1/26 0:00,AZA,MLI,25,15,5,30,156,1287
5/1/26 0:00,AZA,RFD,15,18,7,16,157,1373
5/1/26 0:00,AZO,ORD,-8,12,7,-25,38,122
5/1/26 0:00,AZO,ORD,-4,16,21,-10,35,122
5/1/26 0:00,AZO,ORD,53,19,25,46,37,122
5/1/26 0:00,BDL,MDW,-5,10,4,-14,122,776
5/1/26 0:00,BDL,MDW,-2,13,3,3,129,776
5/1/26 0:00,BDL,MDW,1,10,2,-8,124,776
5/1/26 0:00,BDL,ORD,-14,11,35,-16,123,783
5/1/26 0:00,BDL,ORD,-11,16,42,1,125,783
5/1/26 0:00,BDL,ORD,-9,11,22,-25,129,783
5/1/26 0:00,BDL,ORD,-7,12,24,-17,128,783
5/1/26 0:00,BDL,ORD,-7,15,23,-16,123,783
5/1/26 0:00,BDL,ORD,-7,17,31,1,121,783
5/1/26 0:00,BDL,ORD,-2,16,29,-2,128,783
5/1/26 0:00,BDL,ORD,27,15,46,33,128,783
5/1/26 0:00,BGR,ORD,-10,12,19,-38,141,978
5/1/26 0:00,BGR,ORD,33,11,45,29,149,978
5/1/26 0:00,BHM,MDW,13,11,3,5,88,570
5/1/26 0:00,BHM,ORD,-7,20,17,-15,102,584
5/1/26 0:00,BHM,ORD,0,18,23,1,100,584
5/1/26 0:00,BHM,ORD,32,18,28,31,106,584
5/1/26 0:00,BHM,ORD,37,17,29,45,104,584
5/1/26 0:00,BIS,ORD,-6,14,45,3,94,715
5/1/26 0:00,BLV,FLL,61,12,23,72,133,1028
5/1/26 0:00,BLV,GUF,4,13,5,2,92,582
5/1/26 0:00,BLV,PIE,-3,9,4,-15,106,841
5/1/26 0:00,BLV,VPS,2,9,4,0,88,587
5/1/26 0:00,BMI,AZA,-14,12,8,-21,192,1348
5/1/26 0:00,BMI,DFW,-9,19,5,-11,121,690
5/1/26 0:00,BMI,DFW,-8,14,11,-14,113,690
5/1/26 0:00,BMI,ORD,-11,20,28,-3,28,116
5/1/26 0:00,BMI,ORD,-9,11,8,-24,27,116
5/1/26 0:00,BMI,ORD,-2,14,21,-7,30,116
5/1/26 0:00,BMI,PIE,-3,12,7,-14,110,936
5/1/26 0:00,BNA,MDW,-8,13,4,-11,75,395
5/1/26 0:00,BNA,MDW,-5,17,4,-7,72,395
5/1/26 0:00,BNA,MDW,1,19,6,5,74,395
5/1/26 0:00,BNA,MDW,3,16,2,-6,68,395
5/1/26 0:00,BNA,MDW,49,12,3,34,65,395
5/1/26 0:00,BNA,MDW,95,12,2,78,64,395
5/1/26 0:00,BNA,ORD,-10,19,36,1,75,409
5/1/26 0:00,BNA,ORD,-9,15,43,2,71,409
5/1/26 0:00,BNA,ORD,-8,17,8,-18,77,409
5/1/26 0:00,BNA,ORD,-7,18,26,-4,77,409
5/1/26 0:00,BNA,ORD,-5,25,18,3,78,409
5/1/26 0:00,BNA,ORD,-3,19,22,5,77,409
5/1/26 0:00,BNA,ORD,0,16,43,11,82,409
5/1/26 0:00,BNA,ORD,2,27,25,6,79,409
5/1/26 0:00,BNA,ORD,4,23,16,9,79,409
5/1/26 0:00,BNA,ORD,7,19,40,12,77,409
5/1/26 0:00,BNA,ORD,8,26,22,17,84,409
5/1/26 0:00,BNA,ORD,10,16,18,10,79,409
5/1/26 0:00,BNA,ORD,13,18,43,27,75,409
5/1/26 0:00,BNA,ORD,17,21,46,42,76,409
5/1/26 0:00,BNA,ORD,25,24,18,25,77,409
5/1/26 0:00,BNA,ORD,32,18,24,15,74,409
5/1/26 0:00,BNA,ORD,54,27,8,38,75,409
5/1/26 0:00,BOI,ORD,-8,22,45,23,196,1437
5/1/26 0:00,BOI,ORD,-6,12,24,-5,184,1437
5/1/26 0:00,BOI,ORD,-4,13,18,-13,187,1437
5/1/26 0:00,BOS,MDW,-1,17,4,-21,129,861
5/1/26 0:00,BOS,MDW,0,19,2,3,142,861
5/1/26 0:00,BOS,MDW,6,18,3,-13,130,861
5/1/26 0:00,BOS,MDW,37,19,4,29,134,861
5/1/26 0:00,BOS,ORD,-14,18,26,-24,135,867
5/1/26 0:00,BOS,ORD,-12,19,24,-19,130,867
5/1/26 0:00,BOS,ORD,-11,12,27,-17,132,867
5/1/26 0:00,BOS,ORD,-11,13,30,-17,132,867
5/1/26 0:00,BOS,ORD,-11,16,24,-13,133,867
5/1/26 0:00,BOS,ORD,-10,18,29,-6,135,867
5/1/26 0:00,BOS,ORD,-10,33,30,0,131,867
5/1/26 0:00,BOS,ORD,-9,13,15,-27,134,867
5/1/26 0:00,BOS,ORD,-9,13,20,-37,133,867
5/1/26 0:00,BOS,ORD,-9,17,22,-15,133,867
5/1/26 0:00,BOS,ORD,-9,18,15,-21,135,867
5/1/26 0:00,BOS,ORD,-9,18,22,-14,136,867
5/1/26 0:00,BOS,ORD,-9,18,27,-14,142,867
5/1/26 0:00,BOS,ORD,-9,22,49,0,135,867
5/1/26 0:00,BOS,ORD,-9,30,27,6,132,867
5/1/26 0:00,BOS,ORD,-8,18,29,-9,132,867
5/1/26 0:00,BOS,ORD,-7,13,42,-2,133,867
5/1/26 0:00,BOS,ORD,-7,15,44,6,135,867
5/1/26 0:00,BOS,ORD,-6,18,25,-9,134,867
5/1/26 0:00,BOS,ORD,-6,20,21,-11,134,867
5/1/26 0:00,BOS,ORD,-5,26,26,-6,132,867
5/1/26 0:00,BOS,ORD,-2,19,22,-3,146,867
5/1/26 0:00,BOS,ORD,21,25,23,6,134,867
5/1/26 0:00,BOS,ORD,23,12,29,8,138,867
5/1/26 0:00,BOS,ORD,23,17,25,3,132,867
5/1/26 0:00,BOS,ORD,52,22,9,21,128,867
5/1/26 0:00,BTV,ORD,-10,16,22,-31,119,763
5/1/26 0:00,BTV,ORD,-8,30,34,14,120,763
5/1/26 0:00,BTV,ORD,-6,17,31,-2,122,763
5/1/26 0:00,BTV,ORD,-5,17,35,-10,117,763
5/1/26 0:00,BTV,ORD,-3,12,24,-7,118,763
5/1/26 0:00,BUF,MDW,-5,16,4,3,88,468
5/1/26 0:00,BUF,MDW,-2,11,4,-6,81,468
5/1/26 0:00,BUF,MDW,-1,20,4,9,86,468
5/1/26 0:00,BUF,ORD,-10,14,22,-22,81,474
5/1/26 0:00,BUF,ORD,-10,16,31,-14,86,474
5/1/26 0:00,BUF,ORD,-9,9,24,-15,84,474
5/1/26 0:00,BUF,ORD,-9,13,47,15,80,474
5/1/26 0:00,BUF,ORD,-4,11,15,-14,82,474
5/1/26 0:00,BUF,ORD,0,21,26,8,79,474
5/1/26 0:00,BUF,ORD,11,12,22,0,81,474
5/1/26 0:00,BUR,MDW,-5,32,2,-6,205,1740
5/1/26 0:00,BWI,MDW,0,16,2,12,114,611
5/1/26 0:00,BWI,MDW,1,12,4,-1,107,611
5/1/26 0:00,BWI,MDW,10,16,4,10,105,611
5/1/26 0:00,BWI,MDW,14,14,2,7,107,611
5/1/26 0:00,BWI,MDW,26,9,8,24,106,611
5/1/26 0:00,BWI,ORD,-11,13,16,-13,108,622
5/1/26 0:00,BWI,ORD,-11,14,25,-8,116,622
5/1/26 0:00,BWI,ORD,-10,15,35,4,114,622
5/1/26 0:00,BWI,ORD,-9,17,22,2,123,622
5/1/26 0:00,BWI,ORD,-9,23,28,7,107,622
5/1/26 0:00,BWI,ORD,-8,12,22,-6,122,622
5/1/26 0:00,BWI,ORD,-5,13,22,3,112,622
5/1/26 0:00,BWI,ORD,-4,31,20,27,121,622
5/1/26 0:00,BZN,ORD,-10,11,32,-10,147,1185
5/1/26 0:00,BZN,ORD,-7,9,20,-20,150,1185
5/1/26 0:00,CAE,ORD,-10,18,26,2,118,666
5/1/26 0:00,CAK,ORD,-12,14,35,2,70,344
5/1/26 0:00,CAK,ORD,-11,13,15,-23,73,344
5/1/26 0:00,CAK,ORD,-11,17,18,-19,70,344
5/1/26 0:00,CAK,ORD,-11,29,12,-7,76,344
5/1/26 0:00,CAK,ORD,-6,13,26,7,87,344
5/1/26 0:00,CAK,ORD,-1,19,20,-6,70,344
5/1/26 0:00,CAK,ORD,2,16,25,2,72,344
5/1/26 0:00,CAK,ORD,41,15,51,64,70,344
5/1/26 0:00,CHA,ORD,-8,24,20,-2,91,501
5/1/26 0:00,CHA,ORD,-3,13,18,-13,91,501
5/1/26 0:00,CHA,ORD,10,15,22,1,89,501
5/1/26 0:00,CHO,ORD,-10,18,21,7,104,566
5/1/26 0:00,CHO,ORD,-9,19,14,1,108,566
5/1/26 0:00,CHO,ORD,-4,30,26,25,104,566
5/1/26 0:00,CHO,ORD,12,17,41,43,104,566
5/1/26 0:00,CHO,ORD,88,26,26,109,100,566
5/1/26 0:00,CHS,MDW,-1,11,4,-5,116,745
5/1/26 0:00,CHS,ORD,-5,11,25,-6,123,760
5/1/26 0:00,CHS,ORD,-5,17,45,13,123,760
5/1/26 0:00,CHS,ORD,10,15,19,15,127,760
5/1/26 0:00,CHS,ORD,31,16,26,23,123,760
5/1/26 0:00,CID,ORD,-10,10,43,-10,40,196
5/1/26 0:00,CID,ORD,-7,10,19,-27,39,196
5/1/26 0:00,CID,ORD,-1,13,43,10,44,196
5/1/26 0:00,CID,ORD,4,11,23,-14,42,196
5/1/26 0:00,CID,ORD,6,17,14,-8,39,196
5/1/26 0:00,CID,ORD,7,9,18,-8,38,196
5/1/26 0:00,CID,ORD,10,17,21,0,38,196
5/1/26 0:00,CID,ORD,35,37,17,33,42,196
5/1/26 0:00,CID,ORD,46,15,15,31,44,196
5/1/26 0:00,CKB,ORD,-14,11,24,-6,89,444
5/1/26 0:00,CLE,MDW,-6,10,4,-18,54,307
5/1/26 0:00,CLE,MDW,-2,15,4,5,63,307
5/1/26 0:00,CLE,MDW,42,12,3,31,54,307
5/1/26 0:00,CLE,ORD,-9,17,16,-5,65,316
5/1/26 0:00,CLE,ORD,-9,19,25,-7,68,316
5/1/26 0:00,CLE,ORD,-7,12,32,-1,60,316
5/1/26 0:00,CLE,ORD,-5,16,22,0,61,316
5/1/26 0:00,CLE,ORD,-5,39,23,18,61,316
5/1/26 0:00,CLE,ORD,-4,15,23,-5,66,316
5/1/26 0:00,CLE,ORD,-1,12,13,-4,65,316
5/1/26 0:00,CLE,ORD,-1,14,8,-2,74,316
5/1/26 0:00,CLE,ORD,-1,14,25,5,69,316
5/1/26 0:00,CLE,ORD,0,16,14,-3,68,316
5/1/26 0:00,CLE,ORD,1,16,7,-4,67,316
5/1/26 0:00,CLE,ORD,4,12,27,13,68,316
5/1/26 0:00,CLE,ORD,24,15,23,14,61,316
5/1/26 0:00,CLE,ORD,27,15,33,45,63,316
5/1/26 0:00,CLE,ORD,40,12,17,26,63,316
5/1/26 0:00,CLE,ORD,135,18,17,138,68,316
5/1/26 0:00,CLE,ORD,275,13,28,282,60,316
5/1/26 0:00,CLT,MDW,-3,14,2,-27,95,584
5/1/26 0:00,CLT,MDW,15,26,4,15,95,584
5/1/26 0:00,CLT,ORD,-8,13,19,-28,102,599
5/1/26 0:00,CLT,ORD,-8,14,16,-17,105,599
5/1/26 0:00,CLT,ORD,-7,15,8,-17,100,599
5/1/26 0:00,CLT,ORD,-6,11,25,-4,102,599
5/1/26 0:00,CLT,ORD,-4,22,36,25,109,599
5/1/26 0:00,CLT,ORD,-3,30,11,1,102,599
5/1/26 0:00,CLT,ORD,-2,16,19,-6,107,599
5/1/26 0:00,CLT,ORD,-1,14,11,-8,105,599
5/1/26 0:00,CLT,ORD,-1,22,18,5,114,599
5/1/26 0:00,CLT,ORD,0,14,27,4,100,599
5/1/26 0:00,CLT,ORD,0,37,22,21,107,599
5/1/26 0:00,CLT,ORD,4,21,33,23,101,599
5/1/26 0:00,CLT,ORD,11,16,16,7,99,599
5/1/26 0:00,CLT,ORD,26,21,21,27,101,599
5/1/26 0:00,CLT,ORD,58,13,34,72,106,599
5/1/26 0:00,CLT,PIA,-7,23,5,-16,95,607
5/1/26 0:00,CLT,PIA,-6,18,6,-21,97,607
5/1/26 0:00,CMH,MDW,-6,11,4,-20,51,283
5/1/26 0:00,CMH,MDW,4,11,4,0,56,283
5/1/26 0:00,CMH,MDW,123,10,3,112,51,283
5/1/26 0:00,CMH,ORD,-11,21,8,-30,60,296
5/1/26 0:00,CMH,ORD,-10,15,10,1,82,296
5/1/26 0:00,CMH,ORD,-10,17,31,0,60,296
5/1/26 0:00,CMH,ORD,-8,11,19,-17,59,296
5/1/26 0:00,CMH,ORD,-7,13,16,-12,58,296
5/1/26 0:00,CMH,ORD,-7,15,47,10,63,296
5/1/26 0:00,CMH,ORD,-6,9,47,15,63,296
5/1/26 0:00,CMH,ORD,-5,22,19,-8,61,296
5/1/26 0:00,CMH,ORD,-3,11,19,-10,60,296
5/1/26 0:00,CMH,ORD,-2,8,22,-16,58,296
5/1/26 0:00,CMH,ORD,-2,9,20,-10,55,296
5/1/26 0:00,CMH,ORD,-2,17,22,-4,63,296
5/1/26 0:00,CMH,ORD,-1,21,27,16,65,296
5/1/26 0:00,CMH,ORD,6,19,11,-6,62,296
5/1/26 0:00,CMH,ORD,7,15,31,9,58,296
5/1/26 0:00,CMH,ORD,25,12,21,22,60,296
5/1/26 0:00,CMI,DFW,-7,7,15,-13,116,692
5/1/26 0:00,CMI,DFW,1,12,6,11,140,692
5/1/26 0:00,CMI,ORD,-11,10,16,-27,38,135
5/1/26 0:00,CMI,ORD,-8,13,19,-20,36,135
5/1/26 0:00,CMI,ORD,11,13,17,0,34,135
5/1/26 0:00,CMX,ORD,-13,23,33,0,65,360
5/1/26 0:00,CMX,ORD,-8,15,24,-11,66,360
5/1/26 0:00,COS,ORD,-4,17,16,-27,111,911
5/1/26 0:00,COS,ORD,-4,32,22,-5,115,911
5/1/26 0:00,COS,ORD,-1,14,13,-32,106,911
5/1/26 0:00,COU,ORD,-10,19,83,51,49,315
5/1/26 0:00,COU,ORD,-6,11,17,-19,50,315
5/1/26 0:00,COU,ORD,-4,14,20,-10,50,315
5/1/26 0:00,COU,ORD,-3,12,24,-20,50,315
5/1/26 0:00,COU,ORD,10,13,35,19,54,315
5/1/26 0:00,COU,ORD,11,12,11,-19,49,315
5/1/26 0:00,CRW,ORD,-15,29,30,4,82,416
5/1/26 0:00,CRW,ORD,-8,11,20,-16,81,416
5/1/26 0:00,CRW,ORD,-7,18,16,-14,78,416
5/1/26 0:00,CRW,ORD,-3,24,28,13,86,416
5/1/26 0:00,CVG,MDW,-10,12,4,-17,47,249
5/1/26 0:00,CVG,MDW,8,15,4,4,52,249
5/1/26 0:00,CVG,ORD,-9,15,28,-1,59,264
5/1/26 0:00,CVG,ORD,-6,36,37,38,63,264
5/1/26 0:00,CVG,ORD,-5,11,32,6,64,264
5/1/26 0:00,CVG,ORD,-5,11,37,6,54,264
5/1/26 0:00,CVG,ORD,-5,18,38,12,64,264
5/1/26 0:00,CVG,ORD,-3,14,23,-7,59,264
5/1/26 0:00,CVG,ORD,-1,13,45,11,59,264
5/1/26 0:00,CVG,ORD,0,14,22,4,60,264
5/1/26 0:00,CVG,ORD,0,16,6,-16,55,264
5/1/26 0:00,CVG,ORD,1,21,24,8,64,264
5/1/26 0:00,CVG,ORD,6,12,22,1,60,264
5/1/26 0:00,CVG,ORD,18,18,18,14,61,264
5/1/26 0:00,CVG,ORD,33,11,17,25,58,264
5/1/26 0:00,CVG,ORD,35,15,30,47,61,264
5/1/26 0:00,CWA,ORD,-7,39,23,7,48,213
5/1/26 0:00,CWA,ORD,-2,10,19,-22,44,213
5/1/26 0:00,CWA,ORD,39,13,32,44,51,213
5/1/26 0:00,DAL,MDW,7,8,6,-16,93,793
5/1/26 0:00,DAL,MDW,9,10,3,-15,98,793
5/1/26 0:00,DAL,MDW,27,11,5,2,94,793
5/1/26 0:00,DAL,MDW,32,17,7,23,97,793
5/1/26 0:00,DAL,MDW,39,12,2,20,97,793
5/1/26 0:00,DAL,MDW,82,6,2,54,99,793
5/1/26 0:00,DAL,ORD,34,13,38,41,101,798
5/1/26 0:00,DAY,ORD,-11,11,31,-17,59,240
5/1/26 0:00,DAY,ORD,-11,20,23,-7,52,240
5/1/26 0:00,DAY,ORD,-9,11,19,-26,52,240
5/1/26 0:00,DAY,ORD,0,28,23,13,55,240
5/1/26 0:00,DAY,ORD,135,20,49,165,55,240
5/1/26 0:00,DCA,MDW,-6,14,2,-16,104,601
5/1/26 0:00,DCA,MDW,2,12,3,-9,99,601
5/1/26 0:00,DCA,MDW,7,22,3,12,105,601
5/1/26 0:00,DCA,MDW,15,16,3,14,105,601
5/1/26 0:00,DCA,MDW,19,15,6,20,100,601
5/1/26 0:00,DCA,MDW,27,16,3,18,97,601
5/1/26 0:00,DCA,ORD,-10,12,12,-28,108,612
5/1/26 0:00,DCA,ORD,-9,17,19,1,116,612
5/1/26 0:00,DCA,ORD,-9,24,18,0,109,612
5/1/26 0:00,DCA,ORD,-6,32,15,4,112,612
5/1/26 0:00,DCA,ORD,-5,14,14,4,117,612
5/1/26 0:00,DCA,ORD,-4,12,16,-4,109,612
5/1/26 0:00,DCA,ORD,-4,15,26,0,121,612
5/1/26 0:00,DCA,ORD,-4,17,23,-12,111,612
5/1/26 0:00,DCA,ORD,-4,18,26,7,111,612
5/1/26 0:00,DCA,ORD,-3,18,26,10,111,612
5/1/26 0:00,DCA,ORD,-3,23,27,-3,101,612
5/1/26 0:00,DCA,ORD,0,14,21,2,107,612
5/1/26 0:00,DCA,ORD,0,20,16,5,110,612
5/1/26 0:00,DCA,ORD,0,21,15,10,114,612
5/1/26 0:00,DCA,ORD,0,23,16,-9,110,612
5/1/26 0:00,DCA,ORD,3,16,20,5,108,612
5/1/26 0:00,DCA,ORD,4,18,19,10,109,612
5/1/26 0:00,DCA,ORD,4,24,16,8,105,612
5/1/26 0:00,DCA,ORD,5,14,25,22,117,612
5/1/26 0:00,DCA,ORD,151,12,31,168,114,612
5/1/26 0:00,DEC,ORD,-11,13,30,-4,37,156
5/1/26 0:00,DEC,ORD,383,15,14,372,33,156
5/1/26 0:00,DEN,MDW,-2,12,3,-25,112,895
5/1/26 0:00,DEN,MDW,-1,33,2,0,106,895
5/1/26 0:00,DEN,MDW,9,12,3,-4,112,895
5/1/26 0:00,DEN,MDW,18,8,3,-2,109,895
5/1/26 0:00,DEN,MDW,55,14,2,41,110,895
5/1/26 0:00,DEN,MDW,141,15,3,119,105,895
5/1/26 0:00,DEN,MLI,75,8,8,46,96,751
5/1/26 0:00,DEN,ORD,-10,14,9,-37,109,888
5/1/26 0:00,DEN,ORD,-7,12,42,0,111,888
5/1/26 0:00,DEN,ORD,-7,15,45,7,113,888
5/1/26 0:00,DEN,ORD,-5,13,17,-22,110,888
5/1/26 0:00,DEN,ORD,-5,13,52,10,108,888
5/1/26 0:00,DEN,ORD,-5,15,10,-25,113,888
5/1/26 0:00,DEN,ORD,-5,15,15,-23,108,888
5/1/26 0:00,DEN,ORD,-4,17,6,-29,110,888
5/1/26 0:00,DEN,ORD,-4,26,9,-7,119,888
5/1/26 0:00,DEN,ORD,-3,36,14,-2,107,888
5/1/26 0:00,DEN,ORD,-2,24,28,1,110,888
5/1/26 0:00,DEN,ORD,0,13,32,-4,108,888
5/1/26 0:00,DEN,ORD,0,18,26,-4,110,888
5/1/26 0:00,DEN,ORD,6,17,48,18,110,888
5/1/26 0:00,DEN,ORD,14,17,13,-6,108,888
5/1/26 0:00,DEN,ORD,29,11,10,4,110,888
5/1/26 0:00,DEN,ORD,38,12,17,18,106,888
5/1/26 0:00,DEN,ORD,52,12,20,27,101,888
5/1/26 0:00,DEN,PIA,-12,35,6,-11,104,793
5/1/26 0:00,DFW,BMI,0,16,5,-21,83,690
5/1/26 0:00,DFW,BMI,41,24,3,25,82,690
5/1/26 0:00,DFW,CMI,-5,22,6,-18,85,692
5/1/26 0:00,DFW,CMI,18,22,6,5,83,692
5/1/26 0:00,DFW,MDW,9,26,8,0,97,797
5/1/26 0:00,DFW,MLI,-11,16,5,-26,88,691
5/1/26 0:00,DFW,MLI,-6,14,4,-31,85,691
5/1/26 0:00,DFW,MLI,76,33,10,80,88,691
5/1/26 0:00,DFW,ORD,-10,19,18,-22,97,802
5/1/26 0:00,DFW,ORD,-10,21,11,-38,95,802
5/1/26 0:00,DFW,ORD,-6,12,12,-21,101,802
5/1/26 0:00,DFW,ORD,-6,18,16,-23,98,802
5/1/26 0:00,DFW,ORD,-5,16,20,-21,98,802
5/1/26 0:00,DFW,ORD,-4,14,58,10,97,802
5/1/26 0:00,DFW,ORD,-4,15,36,0,105,802
5/1/26 0:00,DFW,ORD,-4,16,12,-33,95,802
5/1/26 0:00,DFW,ORD,-3,11,41,-6,97,802
5/1/26 0:00,DFW,ORD,-3,20,43,8,97,802
5/1/26 0:00,DFW,ORD,-2,18,29,-6,98,802
5/1/26 0:00,DFW,ORD,-2,18,51,10,96,802
5/1/26 0:00,DFW,ORD,-2,19,47,8,96,802
5/1/26 0:00,DFW,ORD,-1,19,17,-30,97,802
5/1/26 0:00,DFW,ORD,0,18,16,-14,103,802
5/1/26 0:00,DFW,ORD,1,13,15,-32,96,802
5/1/26 0:00,DFW,ORD,1,21,23,-4,99,802
5/1/26 0:00,DFW,ORD,10,11,11,-17,99,802
5/1/26 0:00,DFW,ORD,11,15,18,-11,101,802
5/1/26 0:00,DFW,ORD,53,13,11,24,97,802
5/1/26 0:00,DFW,ORD,61,16,15,37,96,802
5/1/26 0:00,DFW,PIA,-9,19,3,-27,83,672
5/1/26 0:00,DFW,PIA,-2,16,4,-16,85,672
5/1/26 0:00,DFW,PIA,27,14,4,2,84,672
5/1/26 0:00,DLH,ORD,-8,22,17,-17,65,397
5/1/26 0:00,DLH,ORD,-6,16,19,-14,70,397
5/1/26 0:00,DLH,ORD,0,29,23,8,72,397
5/1/26 0:00,DLH,ORD,14,18,49,37,72,397
5/1/26 0:00,DSM,MDW,-11,8,4,-29,50,306
5/1/26 0:00,DSM,MDW,-2,9,3,-17,53,306
5/1/26 0:00,DSM,ORD,-11,9,30,-13,51,299
5/1/26 0:00,DSM,ORD,-10,12,28,-17,53,299
5/1/26 0:00,DSM,ORD,-10,21,35,-5,52,299
5/1/26 0:00,DSM,ORD,-9,13,23,-16,51,299
5/1/26 0:00,DSM,ORD,-9,17,27,-4,55,299
5/1/26 0:00,DSM,ORD,-7,9,22,-28,49,299
5/1/26 0:00,DSM,ORD,-4,8,31,-21,53,299
5/1/26 0:00,DSM,ORD,-4,20,40,14,52,299
5/1/26 0:00,DSM,ORD,-2,18,11,-15,56,299
5/1/26 0:00,DSM,ORD,2,16,24,-8,53,299
5/1/26 0:00,DSM,ORD,11,20,34,22,49,299
5/1/26 0:00,DSM,ORD,20,17,26,23,52,299
5/1/26 0:00,DSM,ORD,42,14,18,18,51,299
5/1/26 0:00,DTW,MDW,-9,26,3,-9,46,228
5/1/26 0:00,DTW,MDW,1,16,2,-16,45,228
5/1/26 0:00,DTW,MDW,35,14,4,31,48,228
5/1/26 0:00,DTW,ORD,-12,12,11,-32,52,235
5/1/26 0:00,DTW,ORD,-9,16,18,-6,53,235
5/1/26 0:00,DTW,ORD,-9,29,20,-1,69,235
5/1/26 0:00,DTW,ORD,-8,14,7,-21,49,235
5/1/26 0:00,DTW,ORD,-7,16,16,-13,53,235
5/1/26 0:00,DTW,ORD,-6,31,19,4,55,235
5/1/26 0:00,DTW,ORD,-5,13,62,30,55,235
5/1/26 0:00,DTW,ORD,-5,19,21,-8,53,235
5/1/26 0:00,DTW,ORD,-4,17,19,-12,51,235
5/1/26 0:00,DTW,ORD,-4,19,15,-9,49,235
5/1/26 0:00,DTW,ORD,-3,14,25,-8,53,235
5/1/26 0:00,DTW,ORD,-1,15,14,-12,50,235
5/1/26 0:00,DTW,ORD,4,22,44,28,54,235
5/1/26 0:00,DTW,ORD,9,15,23,3,51,235
5/1/26 0:00,DTW,ORD,16,15,24,4,53,235
5/1/26 0:00,DTW,ORD,33,10,26,30,51,235
5/1/26 0:00,DTW,ORD,46,12,20,42,52,235
5/1/26 0:00,DTW,ORD,64,17,25,66,55,235
5/1/26 0:00,DTW,ORD,118,27,26,125,51,235
5/1/26 0:00,EAR,ORD,-4,21,85,59,82,583
5/1/26 0:00,EAU,ORD,-11,15,10,-26,46,269
5/1/26 0:00,EAU,ORD,-8,8,26,-9,51,269
5/1/26 0:00,ECP,MDW,94,9,4,81,119,795
5/1/26 0:00,ECP,ORD,-10,17,38,8,126,810
5/1/26 0:00,ECP,ORD,-2,17,21,-4,129,810
5/1/26 0:00,ECP,ORD,3,18,19,10,124,810
5/1/26 0:00,ELP,ORD,-6,14,12,-22,146,1236
5/1/26 0:00,ELP,ORD,13,12,44,33,156,1236
5/1/26 0:00,EUG,ORD,6,13,23,25,215,1780
5/1/26 0:00,EVV,ORD,-10,27,19,-20,61,272
5/1/26 0:00,EVV,ORD,18,21,29,29,71,272
5/1/26 0:00,EWR,MDW,-10,15,4,-25,116,711
5/1/26 0:00,EWR,ORD,-10,23,37,-1,121,719
5/1/26 0:00,EWR,ORD,-7,15,22,-4,120,719
5/1/26 0:00,EWR,ORD,-7,16,25,-16,116,719
5/1/26 0:00,EWR,ORD,-7,20,46,11,116,719
5/1/26 0:00,EWR,ORD,-6,14,20,-15,124,719
5/1/26 0:00,EWR,ORD,-5,17,38,18,132,719
5/1/26 0:00,EWR,ORD,-4,26,26,-4,116,719
5/1/26 0:00,EWR,ORD,-3,20,15,-21,114,719
5/1/26 0:00,EWR,ORD,-2,16,36,7,118,719
5/1/26 0:00,EWR,ORD,0,22,35,16,120,719
5/1/26 0:00,EWR,ORD,7,23,51,30,117,719
5/1/26 0:00,EWR,ORD,8,12,35,14,117,719
5/1/26 0:00,EWR,ORD,15,17,24,16,116,719
5/1/26 0:00,EWR,ORD,34,16,29,20,121,719
5/1/26 0:00,EWR,ORD,34,17,24,26,121,719
5/1/26 0:00,EWR,ORD,36,16,38,44,117,719
5/1/26 0:00,EWR,ORD,41,23,18,39,118,719
5/1/26 0:00,EWR,ORD,108,18,31,109,116,719
5/1/26 0:00,EWR,ORD,189,18,26,183,114,719
5/1/26 0:00,EYW,ORD,-9,15,50,3,182,1251
5/1/26 0:00,EYW,ORD,-7,18,11,-23,182,1251
5/1/26 0:00,EYW,ORD,-2,16,17,-14,184,1251
5/1/26 0:00,FAI,ORD,-5,12,8,-41,311,2785
5/1/26 0:00,FAR,ORD,-10,22,27,-11,78,557
5/1/26 0:00,FAR,ORD,-4,16,41,-3,77,557
5/1/26 0:00,FAR,ORD,-3,19,18,-17,86,557
5/1/26 0:00,FAR,ORD,-2,10,22,-17,79,557
5/1/26 0:00,FAR,ORD,3,12,28,-9,76,557
5/1/26 0:00,FAR,ORD,25,11,67,54,78,557
5/1/26 0:00,FAR,ORD,96,13,25,83,78,557
5/1/26 0:00,FAT,ORD,442,14,34,451,211,1730
5/1/26 0:00,FLL,BLV,36,27,4,53,156,1028
5/1/26 0:00,FLL,MDW,-5,9,3,-11,172,1167
5/1/26 0:00,FLL,MDW,33,18,7,30,162,1167
5/1/26 0:00,FLL,MDW,37,12,4,22,159,1167
5/1/26 0:00,FLL,ORD,-6,16,39,15,179,1182
5/1/26 0:00,FLL,ORD,-6,19,21,4,181,1182
5/1/26 0:00,FLL,ORD,-6,20,23,6,186,1182
5/1/26 0:00,FLL,ORD,-5,12,20,-7,166,1182
5/1/26 0:00,FLL,ORD,-3,13,43,11,171,1182
5/1/26 0:00,FLL,ORD,-3,30,21,9,174,1182
5/1/26 0:00,FLL,ORD,23,26,20,32,173,1182
5/1/26 0:00,FLL,ORD,33,13,26,31,179,1182
5/1/26 0:00,FLL,ORD,48,19,10,24,165,1182
5/1/26 0:00,FLL,ORD,184,15,53,211,173,1182
5/1/26 0:00,FNT,ORD,-10,10,59,15,53,223
5/1/26 0:00,FNT,ORD,-10,22,9,-12,51,223
5/1/26 0:00,FNT,ORD,-9,32,21,-7,51,223
5/1/26 0:00,FNT,ORD,-6,8,64,20,50,223
5/1/26 0:00,FNT,ORD,17,14,20,8,53,223
5/1/26 0:00,FNT,ORD,126,13,20,105,48,223
5/1/26 0:00,FNT,ORD,173,16,11,156,50,223
5/1/26 0:00,FOD,ORD,-10,13,33,0,53,324
5/1/26 0:00,FOD,ORD,228,15,17,223,52,324
5/1/26 0:00,FSD,ORD,-10,10,41,-15,66,462
5/1/26 0:00,FSD,ORD,-9,9,28,-20,67,462
5/1/26 0:00,FSD,ORD,-1,17,24,-2,73,462
5/1/26 0:00,FSD,ORD,2,12,45,23,67,462
5/1/26 0:00,FSD,ORD,7,12,18,-10,67,462
5/1/26 0:00,FWA,ORD,-14,29,23,7,49,157
5/1/26 0:00,FWA,ORD,-11,20,34,4,41,157
5/1/26 0:00,FWA,ORD,-10,23,17,-4,46,157
5/1/26 0:00,FWA,ORD,-10,26,10,-12,42,157
5/1/26 0:00,FWA,ORD,-7,27,20,5,45,157
5/1/26 0:00,FWA,ORD,0,29,7,9,46,157
5/1/26 0:00,FWA,ORD,4,23,29,5,40,157
5/1/26 0:00,FWA,ORD,15,15,49,40,42,157
5/1/26 0:00,FWA,ORD,31,17,17,25,40,157
5/1/26 0:00,GEG,ORD,-6,13,34,7,192,1498
5/1/26 0:00,GEG,ORD,41,29,60,78,185,1498
5/1/26 0:00,GRB,ORD,-15,18,25,-15,42,173
5/1/26 0:00,GRB,ORD,-9,13,17,-29,40,173
5/1/26 0:00,GRB,ORD,-2,12,23,-8,47,173
5/1/26 0:00,GRB,ORD,23,13,25,24,44,173
5/1/26 0:00,GRB,ORD,26,21,37,40,41,173
5/1/26 0:00,GRB,ORD,68,19,17,55,40,173
5/1/26 0:00,GRB,ORD,221,8,16,188,37,173
5/1/26 0:00,GRR,MDW,-9,23,2,-3,41,137
5/1/26 0:00,GRR,MDW,-4,29,3,10,47,137
5/1/26 0:00,GRR,MDW,21,15,2,16,43,137
5/1/26 0:00,GRR,ORD,-10,22,17,-8,36,137
5/1/26 0:00,GRR,ORD,-10,30,37,24,39,137
5/1/26 0:00,GRR,ORD,-9,13,15,-14,37,137
5/1/26 0:00,GRR,ORD,-7,13,49,1,34,137
5/1/26 0:00,GRR,ORD,-6,11,30,-8,38,137
5/1/26 0:00,GRR,ORD,-4,20,45,12,33,137
5/1/26 0:00,GRR,ORD,-4,23,45,30,37,137
5/1/26 0:00,GRR,ORD,-3,17,24,-8,40,137
5/1/26 0:00,GRR,ORD,-2,18,20,-10,32,137
5/1/26 0:00,GRR,ORD,0,21,10,-8,32,137
5/1/26 0:00,GRR,ORD,7,11,40,30,42,137
5/1/26 0:00,GRR,ORD,16,21,33,29,36,137
5/1/26 0:00,GRR,ORD,22,24,14,21,37,137
5/1/26 0:00,GRR,ORD,46,22,27,54,38,137
5/1/26 0:00,GSO,ORD,-9,11,17,-17,106,589
5/1/26 0:00,GSO,ORD,-9,17,25,-6,106,589
5/1/26 0:00,GSO,ORD,-6,13,32,5,105,589
5/1/26 0:00,GSO,ORD,-5,18,15,-2,110,589
5/1/26 0:00,GSO,ORD,-1,25,15,11,118,589
5/1/26 0:00,GSO,ORD,11,13,23,13,112,589
5/1/26 0:00,GSP,ORD,-11,24,13,-14,102,577
5/1/26 0:00,GSP,ORD,-11,36,21,9,100,577
5/1/26 0:00,GSP,ORD,-7,27,15,-11,100,577
5/1/26 0:00,GSP,ORD,-3,15,17,-8,107,577
5/1/26 0:00,GSP,ORD,16,14,17,10,103,577
5/1/26 0:00,GSP,ORD,272,16,21,276,105,577
5/1/26 0:00,GUF,BLV,2,11,4,-12,84,582
5/1/26 0:00,HHH,ORD,129,15,27,143,133,781
5/1/26 0:00,HNL,ORD,-4,19,5,-6,465,4243
5/1/26 0:00,HOU,MDW,-4,14,5,-15,115,937
5/1/26 0:00,HOU,MDW,20,14,3,2,110,937
5/1/26 0:00,HOU,MDW,26,23,2,11,110,937
5/1/26 0:00,HOU,MDW,35,6,2,9,111,937
5/1/26 0:00,HOU,MDW,86,19,4,71,107,937
5/1/26 0:00,HPN,ORD,-10,9,25,-16,123,738
5/1/26 0:00,HPN,ORD,-7,37,24,3,124,738
5/1/26 0:00,HPN,ORD,8,25,23,9,122,738
5/1/26 0:00,HPN,ORD,36,11,56,50,122,738
5/1/26 0:00,HSV,ORD,-7,17,35,-8,92,510
5/1/26 0:00,HSV,ORD,-3,16,47,10,89,510
5/1/26 0:00,IAD,ORD,-10,13,27,-3,98,588
5/1/26 0:00,IAD,ORD,-5,21,32,8,97,588
5/1/26 0:00,IAD,ORD,-2,17,26,15,110,588
5/1/26 0:00,IAD,ORD,-2,37,23,33,113,588
5/1/26 0:00,IAD,ORD,7,17,17,11,108,588
5/1/26 0:00,IAD,ORD,14,29,11,22,102,588
5/1/26 0:00,IAD,ORD,85,15,26,81,93,588
5/1/26 0:00,IAH,ORD,-6,27,12,4,136,925
5/1/26 0:00,IAH,ORD,-6,32,29,0,110,925
5/1/26 0:00,IAH,ORD,-2,17,39,1,112,925
5/1/26 0:00,IAH,ORD,2,14,10,-26,110,925
5/1/26 0:00,IAH,ORD,4,26,19,-10,111,925
5/1/26 0:00,IAH,ORD,8,24,31,2,111,925
5/1/26 0:00,IAH,ORD,13,22,11,-4,115,925
5/1/26 0:00,IAH,ORD,30,34,25,28,109,925
5/1/26 0:00,IAH,ORD,36,44,8,29,111,925
5/1/26 0:00,IAH,ORD,57,18,11,26,109,925
5/1/26 0:00,IAH,ORD,65,28,22,70,117,925
5/1/26 0:00,IAH,ORD,80,30,12,65,113,925
5/1/26 0:00,IAH,ORD,81,31,69,118,115,925
5/1/26 0:00,IAH,ORD,83,14,9,41,113,925
5/1/26 0:00,IAH,ORD,131,32,13,109,114,925
5/1/26 0:00,IAH,ORD,134,22,9,110,112,925
5/1/26 0:00,IAH,ORD,153,18,12,123,111,925
5/1/26 0:00,IAH,ORD,160,22,6,139,112,925
5/1/26 0:00,IAH,ORD,177,15,8,130,109,925
5/1/26 0:00,ICT,MDW,-7,12,3,-27,75,589
5/1/26 0:00,ICT,MDW,-6,12,3,-27,74,589
5/1/26 0:00,ICT,ORD,-8,15,15,-15,79,588
5/1/26 0:00,ICT,ORD,-7,11,37,-15,76,588
5/1/26 0:00,ICT,ORD,-6,16,12,-31,73,588
5/1/26 0:00,ICT,ORD,-3,13,12,-29,75,588
5/1/26 0:00,ICT,ORD,33,12,13,6,80,588
5/1/26 0:00,ICT,ORD,43,18,26,30,81,588
5/1/26 0:00,ILM,ORD,-12,16,28,-2,135,760
5/1/26 0:00,ILM,ORD,-5,14,26,8,134,760
5/1/26 0:00,IND,MDW,-2,12,5,3,43,162
5/1/26 0:00,IND,MDW,35,17,4,44,48,162
5/1/26 0:00,IND,ORD,-13,14,72,28,45,177
5/1/26 0:00,IND,ORD,-10,8,28,-12,45,177
5/1/26 0:00,IND,ORD,-10,15,11,-17,47,177
5/1/26 0:00,IND,ORD,-9,11,14,-17,42,177
5/1/26 0:00,IND,ORD,-6,13,20,-12,45,177
5/1/26 0:00,IND,ORD,-6,14,14,-23,44,177
5/1/26 0:00,IND,ORD,-6,16,21,-3,50,177
5/1/26 0:00,IND,ORD,-6,18,32,7,48,177
5/1/26 0:00,IND,ORD,-5,9,23,-8,45,177
5/1/26 0:00,IND,ORD,-5,11,23,-2,45,177
5/1/26 0:00,IND,ORD,-5,14,30,1,43,177
5/1/26 0:00,IND,ORD,-4,15,42,8,42,177
5/1/26 0:00,IND,ORD,-4,17,27,-6,43,177
5/1/26 0:00,IND,ORD,-4,18,36,15,47,177
5/1/26 0:00,IND,ORD,-1,14,25,0,42,177
5/1/26 0:00,IND,ORD,2,24,49,30,44,177
5/1/26 0:00,IND,ORD,6,16,16,1,45,177
5/1/26 0:00,IND,ORD,9,15,9,-2,49,177
5/1/26 0:00,IND,ORD,11,19,26,19,45,177
5/1/26 0:00,IND,ORD,19,19,26,20,43,177
5/1/26 0:00,IND,ORD,27,10,13,17,49,177
5/1/26 0:00,JAX,MDW,-1,11,4,-3,133,848
5/1/26 0:00,JAX,ORD,-6,11,23,-4,138,864
5/1/26 0:00,JAX,ORD,-5,28,17,5,131,864
5/1/26 0:00,JAX,ORD,-4,12,24,-10,142,864
5/1/26 0:00,JAX,ORD,1,15,20,-5,131,864
5/1/26 0:00,JAX,ORD,4,14,24,-8,131,864
5/1/26 0:00,JAX,ORD,11,11,28,7,133,864
5/1/26 0:00,JFK,ORD,-8,17,25,-3,124,740
5/1/26 0:00,JFK,ORD,-6,34,18,-10,127,740
5/1/26 0:00,JFK,ORD,-5,35,22,1,124,740
5/1/26 0:00,JFK,ORD,-4,20,22,-16,131,740
5/1/26 0:00,JFK,ORD,-4,30,47,-5,123,740
5/1/26 0:00,JLN,ORD,-1,6,52,12,69,484
5/1/26 0:00,JST,ORD,46,10,14,44,92,487
5/1/26 0:00,LAF,ORD,4,23,26,17,38,119
5/1/26 0:00,LAF,ORD,234,28,77,304,39,119
5/1/26 0:00,LAN,ORD,38,11,21,24,45,179
5/1/26 0:00,LAN,ORD,211,11,21,215,44,179
5/1/26 0:00,LAS,MDW,-6,14,3,-14,185,1521
5/1/26 0:00,LAS,MDW,3,14,4,-18,171,1521
5/1/26 0:00,LAS,MDW,7,15,3,-16,174,1521
5/1/26 0:00,LAS,MDW,14,13,3,-10,175,1521
5/1/26 0:00,LAS,MDW,36,12,2,11,171,1521
5/1/26 0:00,LAS,MDW,70,11,5,47,176,1521
5/1/26 0:00,LAS,MDW,74,13,4,53,177,1521
5/1/26 0:00,LAS,ORD,-14,19,36,-26,161,1514
5/1/26 0:00,LAS,ORD,-10,13,13,-34,177,1514
5/1/26 0:00,LAS,ORD,-10,18,11,-31,178,1514
5/1/26 0:00,LAS,ORD,-9,34,6,0,187,1514
5/1/26 0:00,LAS,ORD,-7,22,38,13,190,1514
5/1/26 0:00,LAS,ORD,-6,16,40,-2,173,1514
5/1/26 0:00,LAS,ORD,-6,16,47,4,178,1514
5/1/26 0:00,LAS,ORD,-6,20,25,-16,173,1514
5/1/26 0:00,LAS,ORD,-6,34,18,-17,175,1514
5/1/26 0:00,LAS,ORD,-3,13,6,-36,173,1514
5/1/26 0:00,LAS,ORD,-3,16,6,-29,173,1514
5/1/26 0:00,LAS,ORD,-1,26,34,7,176,1514
5/1/26 0:00,LAS,ORD,0,15,5,-11,187,1514
5/1/26 0:00,LAS,ORD,2,21,12,-32,177,1514
5/1/26 0:00,LAS,ORD,11,20,40,20,176,1514
5/1/26 0:00,LAS,ORD,26,11,14,-1,173,1514
5/1/26 0:00,LAS,ORD,33,25,8,37,189,1514
5/1/26 0:00,LAS,ORD,143,15,19,116,174,1514
5/1/26 0:00,LAS,ORD,176,23,10,156,174,1514
5/1/26 0:00,LAS,PIA,0,14,4,-6,164,1413
5/1/26 0:00,LAX,MDW,5,12,3,-5,210,1751
5/1/26 0:00,LAX,MDW,8,18,4,-13,197,1751
5/1/26 0:00,LAX,MDW,23,12,7,12,205,1751
5/1/26 0:00,LAX,MDW,53,15,3,44,203,1751
5/1/26 0:00,LAX,ORD,-9,14,8,-28,206,1744
5/1/26 0:00,LAX,ORD,-9,15,71,23,200,1744
5/1/26 0:00,LAX,ORD,-8,23,11,-26,201,1744
5/1/26 0:00,LAX,ORD,-8,23,14,-2,223,1744
5/1/26 0:00,LAX,ORD,-7,28,12,-4,203,1744
5/1/26 0:00,LAX,ORD,-4,14,22,-19,204,1744
5/1/26 0:00,LAX,ORD,-4,21,25,-18,197,1744
5/1/26 0:00,LAX,ORD,-3,20,18,-8,210,1744
5/1/26 0:00,LAX,ORD,-2,18,35,2,204,1744
5/1/26 0:00,LAX,ORD,-1,19,31,-4,197,1744
5/1/26 0:00,LAX,ORD,-1,21,14,-24,198,1744
5/1/26 0:00,LAX,ORD,-1,29,8,1,218,1744
5/1/26 0:00,LAX,ORD,0,16,7,-1,222,1744
5/1/26 0:00,LAX,ORD,8,13,24,-12,203,1744
5/1/26 0:00,LAX,ORD,8,22,13,-9,204,1744
5/1/26 0:00,LAX,ORD,9,15,23,-7,202,1744
5/1/26 0:00,LAX,ORD,18,15,16,1,208,1744
5/1/26 0:00,LAX,ORD,24,11,12,9,212,1744
5/1/26 0:00,LAX,ORD,99,20,10,76,200,1744
5/1/26 0:00,LEX,ORD,-12,12,27,-12,66,323
5/1/26 0:00,LEX,ORD,-10,32,24,13,67,323
5/1/26 0:00,LEX,ORD,-7,10,22,-19,66,323
5/1/26 0:00,LEX,ORD,-7,32,31,15,74,323
5/1/26 0:00,LEX,ORD,-2,15,29,-1,67,323
5/1/26 0:00,LEX,ORD,55,21,18,45,62,323
5/1/26 0:00,LGA,MDW,-1,21,3,2,124,725
5/1/26 0:00,LGA,MDW,0,17,3,-21,114,725
5/1/26 0:00,LGA,MDW,4,14,4,-15,108,725
5/1/26 0:00,LGA,MDW,6,33,2,-2,112,725
5/1/26 0:00,LGA,MDW,7,28,4,13,119,725
5/1/26 0:00,LGA,MDW,16,16,4,9,113,725
5/1/26 0:00,LGA,MDW,26,12,3,8,112,725
5/1/26 0:00,LGA,ORD,-10,12,10,-41,119,733
5/1/26 0:00,LGA,ORD,-10,14,25,-16,122,733
5/1/26 0:00,LGA,ORD,-9,13,28,-20,121,733
5/1/26 0:00,LGA,ORD,-8,17,21,-16,122,733
5/1/26 0:00,LGA,ORD,-8,25,36,5,120,733
5/1/26 0:00,LGA,ORD,-7,14,21,-20,117,733
5/1/26 0:00,LGA,ORD,-6,16,50,6,120,733
5/1/26 0:00,LGA,ORD,-6,19,57,20,118,733
5/1/26 0:00,LGA,ORD,-6,27,16,-18,118,733
5/1/26 0:00,LGA,ORD,-6,38,26,13,120,733
5/1/26 0:00,LGA,ORD,-5,18,35,0,117,733
5/1/26 0:00,LGA,ORD,-5,20,23,-10,117,733
5/1/26 0:00,LGA,ORD,-5,21,18,-15,116,733
5/1/26 0:00,LGA,ORD,-5,27,8,-17,118,733
5/1/26 0:00,LGA,ORD,-5,27,21,-2,117,733
5/1/26 0:00,LGA,ORD,-5,38,27,6,121,733
5/1/26 0:00,LGA,ORD,-3,15,20,-16,117,733
5/1/26 0:00,LGA,ORD,-3,19,28,1,122,733
5/1/26 0:00,LGA,ORD,-3,22,29,10,121,733
5/1/26 0:00,LGA,ORD,-3,25,26,-5,116,733
5/1/26 0:00,LGA,ORD,-3,27,22,-5,122,733
5/1/26 0:00,LGA,ORD,-2,24,36,15,116,733
5/1/26 0:00,LGA,ORD,-1,13,59,28,119,733
5/1/26 0:00,LGA,ORD,-1,17,23,-13,120,733
5/1/26 0:00,LGA,ORD,-1,18,35,6,119,733
5/1/26 0:00,LGA,ORD,0,13,21,-4,121,733
5/1/26 0:00,LGA,ORD,0,17,32,8,124,733
5/1/26 0:00,LGA,ORD,5,22,35,13,122,733
5/1/26 0:00,LGA,ORD,7,21,16,-8,118,733
5/1/26 0:00,LGA,ORD,9,15,53,30,118,733
5/1/26 0:00,LGA,ORD,9,28,22,-2,121,733
5/1/26 0:00,LGA,ORD,25,19,23,4,119,733
5/1/26 0:00,LGA,ORD,34,26,27,32,124,733
5/1/26 0:00,LGA,ORD,36,15,18,11,117,733
5/1/26 0:00,LGB,MDW,49,11,3,31,198,1741
5/1/26 0:00,LIT,ORD,-2,22,28,-6,77,552
5/1/26 0:00,LIT,ORD,8,11,16,-9,90,552
5/1/26 0:00,LIT,ORD,8,26,18,-2,73,552
5/1/26 0:00,LNK,ORD,-13,12,65,17,73,466
5/1/26 0:00,LNK,ORD,-10,19,16,-26,66,466
5/1/26 0:00,LNK,ORD,-7,20,23,-13,71,466
5/1/26 0:00,LNK,ORD,-5,9,52,10,75,466
5/1/26 0:00,LNK,ORD,18,13,28,12,75,466
5/1/26 0:00,LSE,ORD,-6,11,23,-25,38,215
5/1/26 0:00,LSE,ORD,7,7,36,7,42,215
5/1/26 0:00,LSE,ORD,19,7,25,-2,42,215
5/1/26 0:00,LWB,ORD,130,10,31,127,89,489
5/1/26 0:00,LYH,ORD,-14,13,28,-5,106,564
5/1/26 0:00,MBS,ORD,-3,29,25,10,49,222
5/1/26 0:00,MBS,ORD,8,12,21,1,50,222
5/1/26 0:00,MBS,ORD,20,14,17,9,48,222
5/1/26 0:00,MCI,MDW,-5,9,3,-20,58,404
5/1/26 0:00,MCI,MDW,-4,9,3,-19,58,404
5/1/26 0:00,MCI,MDW,-1,12,2,-14,58,404
5/1/26 0:00,MCI,MDW,0,36,2,14,61,404
5/1/26 0:00,MCI,MDW,10,14,4,0,57,404
5/1/26 0:00,MCI,MDW,23,11,2,7,56,404
5/1/26 0:00,MCI,ORD,-15,13,21,-37,57,403
5/1/26 0:00,MCI,ORD,-10,16,12,-32,60,403
5/1/26 0:00,MCI,ORD,-10,27,12,-22,57,403
5/1/26 0:00,MCI,ORD,-10,32,14,-7,60,403
5/1/26 0:00,MCI,ORD,-9,13,39,-13,58,403
5/1/26 0:00,MCI,ORD,-9,18,8,-40,56,403
5/1/26 0:00,MCI,ORD,-8,23,23,-4,68,403
5/1/26 0:00,MCI,ORD,-7,20,52,21,59,403
5/1/26 0:00,MCI,ORD,-5,14,20,-14,57,403
5/1/26 0:00,MCI,ORD,-5,20,38,6,57,403
5/1/26 0:00,MCI,ORD,-4,12,48,8,55,403
5/1/26 0:00,MCI,ORD,-1,35,19,0,57,403
5/1/26 0:00,MCI,ORD,9,10,17,-16,58,403
5/1/26 0:00,MCI,ORD,17,20,28,21,60,403
5/1/26 0:00,MCO,MDW,-2,11,10,-14,145,990
5/1/26 0:00,MCO,MDW,0,11,2,-11,146,990
5/1/26 0:00,MCO,MDW,0,12,4,-2,157,990
5/1/26 0:00,MCO,MDW,0,17,4,8,157,990
5/1/26 0:00,MCO,MDW,7,18,5,-1,144,990
5/1/26 0:00,MCO,MDW,8,15,2,-10,140,990
5/1/26 0:00,MCO,MDW,13,13,4,9,149,990
5/1/26 0:00,MCO,ORD,-13,16,23,-10,162,1005
5/1/26 0:00,MCO,ORD,-11,14,34,-17,148,1005
5/1/26 0:00,MCO,ORD,-10,12,21,-8,159,1005
5/1/26 0:00,MCO,ORD,-10,19,30,2,156,1005
5/1/26 0:00,MCO,ORD,-10,23,30,3,158,1005
5/1/26 0:00,MCO,ORD,-9,19,15,-3,157,1005
5/1/26 0:00,MCO,ORD,-6,21,16,-7,154,1005
5/1/26 0:00,MCO,ORD,-5,21,27,11,154,1005
5/1/26 0:00,MCO,ORD,-4,12,23,-3,155,1005
5/1/26 0:00,MCO,ORD,-4,16,24,1,158,1005
5/1/26 0:00,MCO,ORD,-4,20,67,43,152,1005
5/1/26 0:00,MCO,ORD,-3,12,55,19,146,1005
5/1/26 0:00,MCO,ORD,-2,25,18,6,145,1005
5/1/26 0:00,MCO,ORD,2,12,18,-2,156,1005
5/1/26 0:00,MCO,ORD,6,14,28,11,159,1005
5/1/26 0:00,MCO,ORD,32,13,12,14,154,1005
5/1/26 0:00,MCO,ORD,68,12,30,67,150,1005
5/1/26 0:00,MCO,ORD,134,13,5,108,146,1005
5/1/26 0:00,MCW,ORD,-10,15,40,10,53,288
5/1/26 0:00,MCW,ORD,-4,13,28,3,50,288
5/1/26 0:00,MDT,ORD,-10,11,25,-8,106,594
5/1/26 0:00,MDT,ORD,-9,20,28,13,106,594
5/1/26 0:00,MDT,ORD,-8,14,27,-2,106,594
5/1/26 0:00,MDT,ORD,-3,15,27,6,105,594
5/1/26 0:00,MDT,ORD,-2,10,6,-12,103,594
5/1/26 0:00,MDT,ORD,-1,12,35,18,103,594
5/1/26 0:00,MDT,ORD,-1,13,17,-7,104,594
5/1/26 0:00,MDW,ABQ,24,18,5,19,157,1121
5/1/26 0:00,MDW,ALB,13,12,3,10,92,717
5/1/26 0:00,MDW,ALB,25,8,3,12,91,717
5/1/26 0:00,MDW,ATL,-7,20,9,-14,87,591
5/1/26 0:00,MDW,ATL,-4,9,4,-33,78,591
5/1/26 0:00,MDW,ATL,-1,13,5,-12,86,591
5/1/26 0:00,MDW,ATL,0,11,13,-11,83,591
5/1/26 0:00,MDW,ATL,0,15,52,13,81,591
5/1/26 0:00,MDW,ATL,7,13,7,-8,80,591
5/1/26 0:00,MDW,ATL,9,19,7,7,85,591
5/1/26 0:00,MDW,ATL,16,14,7,10,88,591
5/1/26 0:00,MDW,ATL,20,18,9,16,84,591
5/1/26 0:00,MDW,ATL,31,12,9,15,89,591
5/1/26 0:00,MDW,AUS,-7,12,14,11,152,972
5/1/26 0:00,MDW,AUS,-4,14,4,18,164,972
5/1/26 0:00,MDW,AUS,14,10,22,39,158,972
5/1/26 0:00,MDW,AUS,76,12,4,83,151,972
5/1/26 0:00,MDW,AUS,80,9,33,101,139,972
5/1/26 0:00,MDW,BDL,-5,11,4,-18,92,776
5/1/26 0:00,MDW,BDL,7,16,3,-4,95,776
5/1/26 0:00,MDW,BDL,27,24,4,24,94,776
5/1/26 0:00,MDW,BHM,12,16,3,14,83,570
5/1/26 0:00,MDW,BNA,-6,13,6,-10,62,395
5/1/26 0:00,MDW,BNA,-5,16,8,-6,60,395
5/1/26 0:00,MDW,BNA,3,12,5,-10,60,395
5/1/26 0:00,MDW,BNA,4,15,7,-3,61,395
5/1/26 0:00,MDW,BNA,5,63,5,48,65,395
5/1/26 0:00,MDW,BNA,20,9,16,19,64,395
5/1/26 0:00,MDW,BOS,4,10,5,-22,99,861
5/1/26 0:00,MDW,BOS,17,9,4,-4,101,861
5/1/26 0:00,MDW,BOS,17,12,4,0,102,861
5/1/26 0:00,MDW,BOS,26,12,4,12,105,861
5/1/26 0:00,MDW,BUF,-13,15,3,-21,64,468
5/1/26 0:00,MDW,BUF,-7,19,2,-8,68,468
5/1/26 0:00,MDW,BUF,4,9,3,-4,65,468
5/1/26 0:00,MDW,BUR,0,7,1,-18,234,1740
5/1/26 0:00,MDW,BWI,-8,15,8,-21,74,611
5/1/26 0:00,MDW,BWI,-2,13,4,-22,73,611
5/1/26 0:00,MDW,BWI,0,11,6,-11,82,611
5/1/26 0:00,MDW,BWI,6,11,4,-15,74,611
5/1/26 0:00,MDW,BWI,16,9,4,-5,76,611
5/1/26 0:00,MDW,CHS,40,16,8,36,97,745
5/1/26 0:00,MDW,CLE,-10,16,3,-19,47,307
5/1/26 0:00,MDW,CLE,-4,20,4,-8,47,307
5/1/26 0:00,MDW,CLE,39,15,4,29,46,307
5/1/26 0:00,MDW,CLT,-1,15,7,-20,74,584
5/1/26 0:00,MDW,CLT,17,11,8,-4,75,584
5/1/26 0:00,MDW,CMH,2,13,5,-5,45,283
5/1/26 0:00,MDW,CMH,14,13,4,8,47,283
5/1/26 0:00,MDW,CMH,42,11,4,26,44,283
5/1/26 0:00,MDW,CVG,8,9,4,-2,47,249
5/1/26 0:00,MDW,CVG,31,11,4,20,44,249
5/1/26 0:00,MDW,DAL,0,9,4,-15,122,793
5/1/26 0:00,MDW,DAL,8,12,3,2,124,793
5/1/26 0:00,MDW,DAL,9,14,5,9,126,793
5/1/26 0:00,MDW,DAL,11,16,4,11,125,793
5/1/26 0:00,MDW,DAL,22,8,5,13,123,793
5/1/26 0:00,MDW,DAL,26,10,3,15,121,793
5/1/26 0:00,MDW,DCA,-6,16,5,-19,76,601
5/1/26 0:00,MDW,DCA,-5,13,4,-16,82,601
5/1/26 0:00,MDW,DCA,-3,30,4,-8,76,601
5/1/26 0:00,MDW,DCA,9,20,3,3,76,601
5/1/26 0:00,MDW,DCA,14,11,3,-2,75,601
5/1/26 0:00,MDW,DCA,76,12,4,54,72,601
5/1/26 0:00,MDW,DEN,-2,12,6,-22,122,895
5/1/26 0:00,MDW,DEN,-1,10,8,-19,124,895
5/1/26 0:00,MDW,DEN,0,14,6,-14,126,895
5/1/26 0:00,MDW,DEN,13,9,5,-10,123,895
5/1/26 0:00,MDW,DEN,23,15,6,9,125,895
5/1/26 0:00,MDW,DEN,29,19,5,14,121,895
5/1/26 0:00,MDW,DFW,-7,27,16,10,147,797
5/1/26 0:00,MDW,DSM,-6,17,4,-9,61,306
5/1/26 0:00,MDW,DSM,15,19,4,8,50,306
5/1/26 0:00,MDW,DTW,-2,10,7,-17,38,228
5/1/26 0:00,MDW,DTW,24,8,6,9,36,228
5/1/26 0:00,MDW,DTW,24,18,6,14,36,228
5/1/26 0:00,MDW,ECP,4,14,4,-3,105,795
5/1/26 0:00,MDW,EWR,-10,13,6,-31,88,711
5/1/26 0:00,MDW,FLL,1,10,4,-6,154,1167
5/1/26 0:00,MDW,FLL,1,17,8,4,153,1167
5/1/26 0:00,MDW,FLL,3,15,4,2,155,1167
5/1/26 0:00,MDW,GRR,-3,8,2,-22,26,137
5/1/26 0:00,MDW,GRR,30,8,4,19,32,137
5/1/26 0:00,MDW,GRR,58,7,4,47,33,137
5/1/26 0:00,MDW,HOU,-2,12,4,20,166,937
5/1/26 0:00,MDW,HOU,5,17,3,10,145,937
5/1/26 0:00,MDW,HOU,10,9,12,37,166,937
5/1/26 0:00,MDW,HOU,15,15,15,45,165,937
5/1/26 0:00,MDW,HOU,20,15,5,28,148,937
5/1/26 0:00,MDW,ICT,-5,14,5,-19,92,589
5/1/26 0:00,MDW,ICT,26,16,4,10,84,589
5/1/26 0:00,MDW,IND,11,10,4,-10,30,162
5/1/26 0:00,MDW,IND,55,8,3,24,28,162
5/1/26 0:00,MDW,JAX,40,12,7,35,111,848
5/1/26 0:00,MDW,LAS,-5,13,4,-26,202,1521
5/1/26 0:00,MDW,LAS,3,14,5,-8,205,1521
5/1/26 0:00,MDW,LAS,7,19,6,1,204,1521
5/1/26 0:00,MDW,LAS,8,12,4,-2,209,1521
5/1/26 0:00,MDW,LAS,12,10,6,6,213,1521
5/1/26 0:00,MDW,LAS,84,13,4,51,185,1521
5/1/26 0:00,MDW,LAS,94,9,4,60,188,1521
5/1/26 0:00,MDW,LAX,-5,12,6,-20,232,1751
5/1/26 0:00,MDW,LAX,-4,11,15,-28,215,1751
5/1/26 0:00,MDW,LAX,22,8,6,-1,233,1751
5/1/26 0:00,MDW,LAX,32,11,11,13,224,1751
5/1/26 0:00,MDW,LGA,-3,10,6,-19,93,725
5/1/26 0:00,MDW,LGA,-2,14,5,-17,91,725
5/1/26 0:00,MDW,LGA,1,12,6,-15,91,725
5/1/26 0:00,MDW,LGA,18,10,4,-7,86,725
5/1/26 0:00,MDW,LGA,19,19,4,10,93,725
5/1/26 0:00,MDW,LGA,28,10,5,10,87,725
5/1/26 0:00,MDW,LGA,37,10,13,27,92,725
5/1/26 0:00,MDW,LGB,19,11,3,5,232,1741
5/1/26 0:00,MDW,MCI,-2,12,6,-6,68,404
5/1/26 0:00,MDW,MCI,4,10,7,-2,67,404
5/1/26 0:00,MDW,MCI,6,22,6,9,65,404
5/1/26 0:00,MDW,MCI,11,8,6,1,66,404
5/1/26 0:00,MDW,MCI,14,15,6,10,65,404
5/1/26 0:00,MDW,MCI,20,9,5,11,67,404
5/1/26 0:00,MDW,MCO,-8,13,15,-25,124,990
5/1/26 0:00,MDW,MCO,-5,12,9,-17,122,990
5/1/26 0:00,MDW,MCO,-1,13,7,-11,125,990
5/1/26 0:00,MDW,MCO,-1,14,7,-15,120,990
5/1/26 0:00,MDW,MCO,0,10,6,-10,129,990
5/1/26 0:00,MDW,MCO,0,15,9,-11,125,990
5/1/26 0:00,MDW,MCO,2,11,10,7,134,990
5/1/26 0:00,MDW,MEM,11,14,5,7,77,480
5/1/26 0:00,MDW,MEM,12,17,3,12,85,480
5/1/26 0:00,MDW,MHT,11,18,3,7,100,838
5/1/26 0:00,MDW,MHT,39,11,5,23,98,838
5/1/26 0:00,MDW,MIA,3,11,27,17,156,1182
5/1/26 0:00,MDW,MIA,21,13,4,11,153,1182
5/1/26 0:00,MDW,MKE,-4,17,4,-4,24,80
5/1/26 0:00,MDW,MKE,-3,14,5,0,29,80
5/1/26 0:00,MDW,MSP,-11,19,4,-25,66,349
5/1/26 0:00,MDW,MSP,-10,14,2,-26,63,349
5/1/26 0:00,MDW,MSP,-9,18,9,-15,68,349
5/1/26 0:00,MDW,MSP,-7,9,3,-24,61,349
5/1/26 0:00,MDW,MSP,-7,11,6,-29,65,349
5/1/26 0:00,MDW,MSP,-6,18,6,-19,58,349
5/1/26 0:00,MDW,MSP,3,10,3,-15,59,349
5/1/26 0:00,MDW,MSP,18,23,3,13,59,349
5/1/26 0:00,MDW,MSY,-2,25,5,10,122,825
5/1/26 0:00,MDW,MSY,0,13,3,5,124,825
5/1/26 0:00,MDW,MSY,27,11,3,20,119,825
5/1/26 0:00,MDW,OAK,-4,17,4,-31,227,1844
5/1/26 0:00,MDW,OAK,-2,26,5,6,252,1844
5/1/26 0:00,MDW,OKC,2,13,4,0,111,691
5/1/26 0:00,MDW,OKC,11,9,4,-5,101,691
5/1/26 0:00,MDW,OMA,-5,13,13,-5,64,423
5/1/26 0:00,MDW,OMA,-4,10,3,-19,62,423
5/1/26 0:00,MDW,OMA,14,13,2,4,65,423
5/1/26 0:00,MDW,OMA,20,9,2,8,67,423
5/1/26 0:00,MDW,ONT,-3,13,4,-23,218,1706
5/1/26 0:00,MDW,ORF,36,18,5,31,92,704
5/1/26 0:00,MDW,PDX,-9,16,2,-28,223,1751
5/1/26 0:00,MDW,PDX,26,13,5,9,225,1751
5/1/26 0:00,MDW,PHL,0,15,8,-9,83,668
5/1/26 0:00,MDW,PHL,0,16,3,-9,87,668
5/1/26 0:00,MDW,PHL,36,13,3,16,84,668
5/1/26 0:00,MDW,PHL,60,11,3,37,83,668
5/1/26 0:00,MDW,PHX,-8,23,9,-3,210,1444
5/1/26 0:00,MDW,PHX,-5,9,4,-25,197,1444
5/1/26 0:00,MDW,PHX,-3,9,3,-14,202,1444
5/1/26 0:00,MDW,PHX,-1,19,6,-3,198,1444
5/1/26 0:00,MDW,PHX,0,12,6,-13,194,1444
5/1/26 0:00,MDW,PHX,0,16,6,0,203,1444
5/1/26 0:00,MDW,PHX,2,10,6,-13,204,1444
5/1/26 0:00,MDW,PHX,5,9,5,-9,197,1444
5/1/26 0:00,MDW,PHX,6,11,5,-4,204,1444
5/1/26 0:00,MDW,PHX,15,9,5,1,197,1444
5/1/26 0:00,MDW,PIT,-1,17,5,-2,57,402
5/1/26 0:00,MDW,PIT,18,17,5,13,58,402
5/1/26 0:00,MDW,PIT,35,11,6,22,55,402
5/1/26 0:00,MDW,PVD,-6,15,4,-16,101,842
5/1/26 0:00,MDW,PVD,-4,12,7,-11,104,842
5/1/26 0:00,MDW,PVD,34,8,5,15,103,842
5/1/26 0:00,MDW,RDU,-5,10,2,-21,82,632
5/1/26 0:00,MDW,RDU,-2,7,4,-23,78,632
5/1/26 0:00,MDW,RDU,25,9,7,11,80,632
5/1/26 0:00,MDW,RIC,0,13,5,-18,79,629
5/1/26 0:00,MDW,ROC,-5,17,6,-3,74,523
5/1/26 0:00,MDW,ROC,50,10,3,39,71,523
5/1/26 0:00,MDW,RSW,19,13,4,13,142,1105
5/1/26 0:00,MDW,RSW,30,15,4,35,151,1105
5/1/26 0:00,MDW,RSW,32,17,4,41,153,1105
5/1/26 0:00,MDW,SAN,-1,9,4,-10,233,1728
5/1/26 0:00,MDW,SAN,-1,11,4,-10,231,1728
5/1/26 0:00,MDW,SAN,17,20,5,9,227,1728
5/1/26 0:00,MDW,SAN,18,16,4,-3,224,1728
5/1/26 0:00,MDW,SAT,-4,11,6,-6,151,1036
5/1/26 0:00,MDW,SAT,-4,11,6,6,163,1036
5/1/26 0:00,MDW,SAV,-6,11,4,-14,102,758
5/1/26 0:00,MDW,SDF,2,16,4,1,49,271
5/1/26 0:00,MDW,SDF,17,11,3,1,45,271
5/1/26 0:00,MDW,SDF,58,9,3,45,50,271
5/1/26 0:00,MDW,SEA,7,17,10,-1,235,1733
5/1/26 0:00,MDW,SEA,15,11,10,-12,222,1733
5/1/26 0:00,MDW,SFO,-8,11,6,-21,245,1855
5/1/26 0:00,MDW,SFO,64,12,8,50,241,1855
5/1/26 0:00,MDW,SJC,-3,18,3,-15,242,1838
5/1/26 0:00,MDW,SJC,29,11,4,0,231,1838
5/1/26 0:00,MDW,SLC,4,13,4,-19,170,1259
5/1/26 0:00,MDW,SLC,12,19,5,-1,168,1259
5/1/26 0:00,MDW,SMF,-1,16,4,-21,225,1790
5/1/26 0:00,MDW,SMF,2,19,4,-15,225,1790
5/1/26 0:00,MDW,SRQ,-4,11,4,-6,138,1035
5/1/26 0:00,MDW,SRQ,-4,11,5,-3,140,1035
5/1/26 0:00,MDW,STL,-10,14,4,-21,46,251
5/1/26 0:00,MDW,STL,-8,17,4,-19,43,251
5/1/26 0:00,MDW,STL,-5,12,4,-19,45,251
5/1/26 0:00,MDW,STL,-5,17,4,-14,45,251
5/1/26 0:00,MDW,STL,1,15,4,0,55,251
5/1/26 0:00,MDW,STL,4,8,4,-15,44,251
5/1/26 0:00,MDW,TPA,-4,10,4,-15,125,997
5/1/26 0:00,MDW,TPA,14,11,5,2,127,997
5/1/26 0:00,MDW,TPA,20,11,4,16,136,997
5/1/26 0:00,MDW,TPA,26,15,5,24,133,997
5/1/26 0:00,MDW,TUL,-9,19,4,-9,92,583
5/1/26 0:00,MDW,TUL,5,11,4,-1,94,583
5/1/26 0:00,MDW,TUS,-7,13,3,-21,195,1440
5/1/26 0:00,MEM,MDW,-4,8,4,-13,74,480
5/1/26 0:00,MEM,MDW,18,10,5,12,74,480
5/1/26 0:00,MEM,ORD,-10,10,10,-38,81,491
5/1/26 0:00,MEM,ORD,-8,23,16,-11,83,491
5/1/26 0:00,MEM,ORD,-2,14,16,-21,76,491
5/1/26 0:00,MEM,ORD,-2,20,17,-1,84,491
5/1/26 0:00,MEM,ORD,1,13,10,-16,75,491
5/1/26 0:00,MEM,ORD,11,11,12,-12,79,491
5/1/26 0:00,MEM,ORD,16,11,18,-5,75,491
5/1/26 0:00,MEM,ORD,24,16,17,10,77,491
5/1/26 0:00,MGW,ORD,9,17,75,71,82,449
5/1/26 0:00,MHK,ORD,-10,10,14,-41,66,501
5/1/26 0:00,MHK,ORD,58,28,32,66,73,501
5/1/26 0:00,MHT,MDW,-8,9,2,-18,129,838
5/1/26 0:00,MHT,MDW,-7,11,2,-20,124,838
5/1/26 0:00,MHT,ORD,-7,12,16,-34,129,843
5/1/26 0:00,MHT,ORD,-1,13,18,-19,130,843
5/1/26 0:00,MHT,ORD,14,11,22,-16,127,843
5/1/26 0:00,MIA,MDW,61,15,4,41,161,1182
5/1/26 0:00,MIA,MDW,223,11,3,222,180,1182
5/1/26 0:00,MIA,ORD,-8,25,25,6,168,1197
5/1/26 0:00,MIA,ORD,-7,23,35,6,173,1197
5/1/26 0:00,MIA,ORD,-6,17,30,-17,167,1197
5/1/26 0:00,MIA,ORD,-5,12,17,-25,175,1197
5/1/26 0:00,MIA,ORD,-5,18,19,-8,176,1197
5/1/26 0:00,MIA,ORD,-4,15,8,-24,168,1197
5/1/26 0:00,MIA,ORD,-1,13,27,6,178,1197
5/1/26 0:00,MIA,ORD,20,11,22,0,170,1197
5/1/26 0:00,MIA,ORD,20,22,25,16,169,1197
5/1/26 0:00,MIA,ORD,23,18,18,25,180,1197
5/1/26 0:00,MIA,ORD,36,34,18,50,182,1197
5/1/26 0:00,MIA,ORD,40,22,6,26,163,1197
5/1/26 0:00,MKE,MDW,-7,21,4,-4,33,80
5/1/26 0:00,MKE,MDW,55,27,5,68,31,80
5/1/26 0:00,MKE,ORD,-15,20,50,14,28,67
5/1/26 0:00,MKE,ORD,-13,23,41,5,26,67
5/1/26 0:00,MKE,ORD,-11,23,10,-16,25,67
5/1/26 0:00,MKE,ORD,-10,13,24,-24,31,67
5/1/26 0:00,MKE,ORD,-10,16,22,-12,29,67
5/1/26 0:00,MKE,ORD,-10,23,36,7,27,67
5/1/26 0:00,MKE,ORD,-10,30,54,30,30,67
5/1/26 0:00,MKE,ORD,-7,14,8,-34,30,67
5/1/26 0:00,MKE,ORD,-6,16,23,-10,26,67
5/1/26 0:00,MKE,ORD,-5,17,39,4,25,67
5/1/26 0:00,MKE,ORD,-5,20,22,-5,27,67
5/1/26 0:00,MKE,ORD,-4,18,23,-2,30,67
5/1/26 0:00,MKE,ORD,-4,25,47,24,25,67
5/1/26 0:00,MKE,ORD,-2,15,30,0,26,67
5/1/26 0:00,MKE,ORD,-1,20,53,22,24,67
5/1/26 0:00,MKE,ORD,1,22,27,-4,27,67
5/1/26 0:00,MKE,ORD,6,18,24,-9,28,67
5/1/26 0:00,MKE,ORD,86,30,50,114,27,67
5/1/26 0:00,MLI,AZA,23,8,8,11,178,1287
5/1/26 0:00,MLI,DEN,-3,16,25,5,125,751
5/1/26 0:00,MLI,DFW,-6,19,16,5,116,691
5/1/26 0:00,MLI,DFW,-1,14,15,7,123,691
5/1/26 0:00,MLI,DFW,161,11,18,164,115,691
5/1/26 0:00,MLI,ORD,-9,9,37,-11,30,139
5/1/26 0:00,MLI,ORD,-9,10,10,-39,28,139
5/1/26 0:00,MLI,ORD,-9,21,14,-19,33,139
5/1/26 0:00,MLI,ORD,-5,16,15,-23,29,139
5/1/26 0:00,MLI,ORD,-3,21,20,-14,28,139
5/1/26 0:00,MLI,ORD,-2,7,12,-33,28,139
5/1/26 0:00,MLI,ORD,3,13,12,-22,34,139
5/1/26 0:00,MLI,ORD,57,16,40,64,29,139
5/1/26 0:00,MLI,PGD,4,9,4,-6,147,1113
5/1/26 0:00,MLI,SRQ,-19,10,4,-25,136,1069
5/1/26 0:00,MQT,ORD,-6,12,23,-20,54,303
5/1/26 0:00,MQT,ORD,48,12,28,39,60,303
5/1/26 0:00,MQT,ORD,388,6,23,361,55,303
5/1/26 0:00,MSN,ORD,-10,15,23,-14,26,108
5/1/26 0:00,MSN,ORD,-10,15,26,-10,27,108
5/1/26 0:00,MSN,ORD,-9,13,23,-27,26,108
5/1/26 0:00,MSN,ORD,-9,13,65,24,25,108
5/1/26 0:00,MSN,ORD,-8,15,21,-17,27,108
5/1/26 0:00,MSN,ORD,-8,24,34,7,29,108
5/1/26 0:00,MSN,ORD,-7,9,24,-23,24,108
5/1/26 0:00,MSN,ORD,-7,15,35,-6,25,108
5/1/26 0:00,MSN,ORD,-5,25,22,-6,28,108
5/1/26 0:00,MSN,ORD,-5,33,30,25,30,108
5/1/26 0:00,MSN,ORD,-4,14,18,-19,30,108
5/1/26 0:00,MSN,ORD,-4,17,33,-12,30,108
5/1/26 0:00,MSN,ORD,-2,11,38,-6,25,108
5/1/26 0:00,MSN,ORD,43,15,22,30,25,108
5/1/26 0:00,MSN,ORD,80,17,23,70,25,108
5/1/26 0:00,MSO,ORD,-7,12,24,-22,172,1332
5/1/26 0:00,MSP,MDW,-8,12,4,-19,63,349
5/1/26 0:00,MSP,MDW,-4,26,5,-6,69,349
5/1/26 0:00,MSP,MDW,3,9,6,-9,63,349
5/1/26 0:00,MSP,MDW,3,20,4,-7,65,349
5/1/26 0:00,MSP,MDW,5,18,3,-2,62,349
5/1/26 0:00,MSP,MDW,8,10,3,0,64,349
5/1/26 0:00,MSP,MDW,12,14,3,4,65,349
5/1/26 0:00,MSP,MDW,13,20,4,-4,65,349
5/1/26 0:00,MSP,ORD,-8,13,21,-26,56,334
5/1/26 0:00,MSP,ORD,-8,13,22,-19,52,334
5/1/26 0:00,MSP,ORD,-6,15,18,-17,52,334
5/1/26 0:00,MSP,ORD,-6,16,17,-26,53,334
5/1/26 0:00,MSP,ORD,-5,36,38,23,54,334
5/1/26 0:00,MSP,ORD,-4,14,40,6,54,334
5/1/26 0:00,MSP,ORD,-4,14,44,-1,55,334
5/1/26 0:00,MSP,ORD,-4,14,53,16,58,334
5/1/26 0:00,MSP,ORD,-4,24,60,31,57,334
5/1/26 0:00,MSP,ORD,-3,15,46,-2,53,334
5/1/26 0:00,MSP,ORD,-2,14,25,-8,53,334
5/1/26 0:00,MSP,ORD,-1,19,20,-4,55,334
5/1/26 0:00,MSP,ORD,0,12,19,-16,53,334
5/1/26 0:00,MSP,ORD,0,19,25,9,59,334
5/1/26 0:00,MSP,ORD,2,14,20,-25,54,334
5/1/26 0:00,MSP,ORD,12,14,30,11,60,334
5/1/26 0:00,MSP,ORD,12,32,22,18,52,334
5/1/26 0:00,MSP,ORD,41,15,20,33,54,334
5/1/26 0:00,MSP,ORD,74,18,10,58,54,334
5/1/26 0:00,MSY,MDW,-4,12,3,-18,111,825
5/1/26 0:00,MSY,MDW,29,15,3,20,113,825
5/1/26 0:00,MSY,MDW,56,15,2,38,105,825
5/1/26 0:00,MSY,ORD,-7,12,21,-15,119,837
5/1/26 0:00,MSY,ORD,-7,13,14,-20,120,837
5/1/26 0:00,MSY,ORD,-7,13,20,-23,112,837
5/1/26 0:00,MSY,ORD,-7,18,37,7,119,837
5/1/26 0:00,MSY,ORD,-4,16,47,4,117,837
5/1/26 0:00,MSY,ORD,19,15,36,18,119,837
5/1/26 0:00,MYR,ORD,-14,21,28,8,125,753
5/1/26 0:00,MYR,ORD,-8,15,23,-9,131,753
5/1/26 0:00,OAK,MDW,2,16,3,4,228,1844
5/1/26 0:00,OAK,MDW,9,13,4,-3,216,1844
5/1/26 0:00,OKC,MDW,-3,10,4,-15,84,691
5/1/26 0:00,OKC,MDW,48,12,3,39,86,691
5/1/26 0:00,OKC,ORD,-15,22,17,-28,88,693
5/1/26 0:00,OKC,ORD,-9,16,23,-26,87,693
5/1/26 0:00,OKC,ORD,-6,14,23,-23,87,693
5/1/26 0:00,OKC,ORD,-6,16,11,-41,83,693
5/1/26 0:00,OKC,ORD,-5,13,41,-4,87,693
5/1/26 0:00,OKC,ORD,-4,16,12,-32,88,693
5/1/26 0:00,OKC,ORD,-4,21,20,-17,87,693
5/1/26 0:00,OKC,ORD,4,13,17,-20,86,693
5/1/26 0:00,OKC,ORD,7,18,12,-22,86,693
5/1/26 0:00,OMA,MDW,-6,7,2,-24,58,423
5/1/26 0:00,OMA,MDW,-3,15,5,-12,56,423
5/1/26 0:00,OMA,MDW,-2,13,3,-6,65,423
5/1/26 0:00,OMA,MDW,3,11,4,-7,60,423
5/1/26 0:00,OMA,ORD,-9,8,21,-20,65,416
5/1/26 0:00,OMA,ORD,-9,10,12,-28,62,416
5/1/26 0:00,OMA,ORD,-9,12,60,14,65,416
5/1/26 0:00,OMA,ORD,-8,13,18,-19,68,416
5/1/26 0:00,OMA,ORD,-7,14,42,9,63,416
5/1/26 0:00,OMA,ORD,-5,11,40,3,61,416
5/1/26 0:00,OMA,ORD,-4,21,27,11,71,416
5/1/26 0:00,OMA,ORD,11,13,21,-6,66,416
5/1/26 0:00,OMA,ORD,13,12,36,14,64,416
5/1/26 0:00,OMA,ORD,24,15,28,30,67,416
5/1/26 0:00,OMA,ORD,37,14,19,20,61,416
5/1/26 0:00,ONT,MDW,-9,11,4,-18,201,1706
5/1/26 0:00,ONT,ORD,-6,14,16,-33,186,1700
5/1/26 0:00,ORD,ABE,-2,33,5,-7,85,654
5/1/26 0:00,ORD,ABE,14,18,4,-5,84,654
5/1/26 0:00,ORD,ABE,93,26,4,80,80,654
5/1/26 0:00,ORD,ABQ,-8,18,8,-22,168,1118
5/1/26 0:00,ORD,ABQ,0,21,5,-18,160,1118
5/1/26 0:00,ORD,ABQ,1,34,6,0,162,1118
5/1/26 0:00,ORD,ABQ,49,29,5,50,163,1118
5/1/26 0:00,ORD,ALB,-5,16,10,-27,88,723
5/1/26 0:00,ORD,ALB,-4,29,4,-16,87,723
5/1/26 0:00,ORD,ALB,-4,34,8,-5,92,723
5/1/26 0:00,ORD,ALB,-3,19,2,-25,89,723
5/1/26 0:00,ORD,ALB,-3,42,6,0,86,723
5/1/26 0:00,ORD,ALB,-1,21,5,-17,88,723
5/1/26 0:00,ORD,ALB,4,36,3,-1,90,723
5/1/26 0:00,ORD,ALB,7,23,3,2,92,723
5/1/26 0:00,ORD,ALB,38,24,7,26,88,723
5/1/26 0:00,ORD,ALO,-2,70,5,33,42,234
5/1/26 0:00,ORD,ALO,29,41,8,39,44,234
5/1/26 0:00,ORD,ANC,-2,42,3,25,388,2846
5/1/26 0:00,ORD,ANC,8,64,8,80,406,2846
5/1/26 0:00,ORD,ATL,-10,18,14,-19,87,606
5/1/26 0:00,ORD,ATL,-6,24,6,-16,90,606
5/1/26 0:00,ORD,ATL,-5,24,58,20,89,606
5/1/26 0:00,ORD,ATL,-5,55,9,0,78,606
5/1/26 0:00,ORD,ATL,-4,23,14,-15,94,606
5/1/26 0:00,ORD,ATL,-4,53,9,12,80,606
5/1/26 0:00,ORD,ATL,-3,29,10,-9,81,606
5/1/26 0:00,ORD,ATL,-3,31,7,-2,84,606
5/1/26 0:00,ORD,ATL,-2,16,8,-23,82,606
5/1/26 0:00,ORD,ATL,-2,23,15,4,91,606
5/1/26 0:00,ORD,ATL,-1,20,9,-13,84,606
5/1/26 0:00,ORD,ATL,0,19,41,13,82,606
5/1/26 0:00,ORD,ATL,0,41,6,3,87,606
5/1/26 0:00,ORD,ATL,1,40,5,3,88,606
5/1/26 0:00,ORD,ATL,3,23,10,-2,82,606
5/1/26 0:00,ORD,ATL,18,20,6,6,82,606
5/1/26 0:00,ORD,ATL,21,16,8,10,84,606
5/1/26 0:00,ORD,ATL,25,20,5,10,88,606
5/1/26 0:00,ORD,ATL,27,20,28,37,88,606
5/1/26 0:00,ORD,ATL,46,21,11,36,78,606
5/1/26 0:00,ORD,ATW,-11,34,3,-16,32,160
5/1/26 0:00,ORD,ATW,-9,30,4,-13,32,160
5/1/26 0:00,ORD,ATW,-8,35,3,-12,32,160
5/1/26 0:00,ORD,ATW,-6,15,4,-29,33,160
5/1/26 0:00,ORD,ATW,-6,46,5,13,36,160
5/1/26 0:00,ORD,ATW,-6,47,4,4,33,160
5/1/26 0:00,ORD,ATW,-4,29,5,-10,32,160
5/1/26 0:00,ORD,ATW,-3,23,3,-21,31,160
5/1/26 0:00,ORD,ATW,-2,28,2,-15,31,160
5/1/26 0:00,ORD,ATW,0,46,5,3,32,160
5/1/26 0:00,ORD,ATW,5,46,6,20,34,160
5/1/26 0:00,ORD,ATW,15,70,3,48,32,160
5/1/26 0:00,ORD,AUS,-10,28,7,-17,159,977
5/1/26 0:00,ORD,AUS,-9,30,4,6,166,977
5/1/26 0:00,ORD,AUS,-4,48,4,36,162,977
5/1/26 0:00,ORD,AUS,-2,17,12,-2,148,977
5/1/26 0:00,ORD,AUS,1,40,8,18,152,977
5/1/26 0:00,ORD,AUS,1,48,19,35,153,977
5/1/26 0:00,ORD,AUS,2,29,5,27,167,977
5/1/26 0:00,ORD,AUS,8,23,5,-5,143,977
5/1/26 0:00,ORD,AUS,16,28,4,24,151,977
5/1/26 0:00,ORD,AUS,27,50,6,52,153,977
5/1/26 0:00,ORD,AUS,77,21,4,78,153,977
5/1/26 0:00,ORD,AVL,-7,21,4,-32,67,536
5/1/26 0:00,ORD,AVL,-6,23,4,-21,76,536
5/1/26 0:00,ORD,AVL,-5,31,4,-19,66,536
5/1/26 0:00,ORD,AVL,-4,14,5,-27,67,536
5/1/26 0:00,ORD,AVL,15,26,6,6,69,536
5/1/26 0:00,ORD,AVL,38,16,3,9,68,536
5/1/26 0:00,ORD,AVP,-3,46,4,1,81,632
5/1/26 0:00,ORD,AVP,1,19,5,-22,78,632
5/1/26 0:00,ORD,AVP,8,39,4,5,80,632
5/1/26 0:00,ORD,AVP,62,49,5,73,80,632
5/1/26 0:00,ORD,AZO,-4,26,3,-13,27,122
5/1/26 0:00,ORD,AZO,-3,35,2,2,29,122
5/1/26 0:00,ORD,AZO,63,31,3,57,25,122
5/1/26 0:00,ORD,BDL,-9,15,4,-36,96,783
5/1/26 0:00,ORD,BDL,-6,18,5,-26,96,783
5/1/26 0:00,ORD,BDL,-5,25,5,-17,98,783
5/1/26 0:00,ORD,BDL,-4,41,4,2,97,783
5/1/26 0:00,ORD,BDL,1,66,4,27,93,783
5/1/26 0:00,ORD,BDL,6,19,4,-17,93,783
5/1/26 0:00,ORD,BDL,10,85,6,54,96,783
5/1/26 0:00,ORD,BDL,14,17,4,-14,90,783
5/1/26 0:00,ORD,BGR,40,18,6,24,120,978
5/1/26 0:00,ORD,BGR,67,33,6,66,121,978
5/1/26 0:00,ORD,BHM,-2,17,16,-7,87,584
5/1/26 0:00,ORD,BHM,-1,17,9,-8,87,584
5/1/26 0:00,ORD,BHM,9,23,14,10,89,584
5/1/26 0:00,ORD,BHM,44,26,2,34,85,584
5/1/26 0:00,ORD,BIS,-3,43,3,-6,105,715
5/1/26 0:00,ORD,BMI,-11,25,3,-20,28,116
5/1/26 0:00,ORD,BMI,-5,56,4,22,28,116
5/1/26 0:00,ORD,BMI,14,21,3,2,27,116
5/1/26 0:00,ORD,BNA,-5,20,14,-16,62,409
5/1/26 0:00,ORD,BNA,-5,34,4,0,67,409
5/1/26 0:00,ORD,BNA,-4,27,7,-13,65,409
5/1/26 0:00,ORD,BNA,-3,20,6,-19,62,409
5/1/26 0:00,ORD,BNA,-3,57,8,18,62,409
5/1/26 0:00,ORD,BNA,-2,18,8,-4,72,409
5/1/26 0:00,ORD,BNA,-2,31,11,-8,67,409
5/1/26 0:00,ORD,BNA,-2,35,8,-1,63,409
5/1/26 0:00,ORD,BNA,-2,46,14,37,86,409
5/1/26 0:00,ORD,BNA,-1,36,16,7,63,409
5/1/26 0:00,ORD,BNA,0,24,6,-13,64,409
5/1/26 0:00,ORD,BNA,5,47,7,11,60,409
5/1/26 0:00,ORD,BNA,5,65,7,34,64,409
5/1/26 0:00,ORD,BNA,6,24,7,-4,65,409
5/1/26 0:00,ORD,BNA,16,26,9,13,63,409
5/1/26 0:00,ORD,BNA,18,23,9,10,63,409
5/1/26 0:00,ORD,BNA,40,23,14,42,72,409
5/1/26 0:00,ORD,BOI,-6,35,3,-19,198,1437
5/1/26 0:00,ORD,BOI,-3,19,4,-32,183,1437
5/1/26 0:00,ORD,BOI,13,25,5,-7,185,1437
5/1/26 0:00,ORD,BOS,-12,20,4,-14,109,867
5/1/26 0:00,ORD,BOS,-9,38,8,-2,113,867
5/1/26 0:00,ORD,BOS,-8,17,6,-19,107,867
5/1/26 0:00,ORD,BOS,-7,14,5,-28,107,867
5/1/26 0:00,ORD,BOS,-7,22,5,-19,107,867
5/1/26 0:00,ORD,BOS,-5,27,7,-13,111,867
5/1/26 0:00,ORD,BOS,-5,35,7,-6,111,867
5/1/26 0:00,ORD,BOS,-5,48,3,-1,104,867
5/1/26 0:00,ORD,BOS,-4,22,4,-25,104,867
5/1/26 0:00,ORD,BOS,-4,23,5,-15,112,867
5/1/26 0:00,ORD,BOS,-4,38,7,1,107,867
5/1/26 0:00,ORD,BOS,-3,24,5,-7,107,867
5/1/26 0:00,ORD,BOS,-2,19,5,-24,105,867
5/1/26 0:00,ORD,BOS,-2,53,6,4,102,867
5/1/26 0:00,ORD,BOS,-1,15,5,-11,115,867
5/1/26 0:00,ORD,BOS,0,20,6,-19,106,867
5/1/26 0:00,ORD,BOS,2,37,4,-10,103,867
5/1/26 0:00,ORD,BOS,5,32,5,2,107,867
5/1/26 0:00,ORD,BOS,17,22,5,-5,100,867
5/1/26 0:00,ORD,BOS,20,22,5,4,105,867
5/1/26 0:00,ORD,BOS,21,40,6,22,106,867
5/1/26 0:00,ORD,BOS,40,24,11,30,103,867
5/1/26 0:00,ORD,BOS,40,32,4,25,102,867
5/1/26 0:00,ORD,BOS,41,51,4,50,103,867
5/1/26 0:00,ORD,BOS,42,22,7,23,106,867
5/1/26 0:00,ORD,BOS,87,16,6,59,104,867
5/1/26 0:00,ORD,BTV,-10,18,8,-33,97,763
5/1/26 0:00,ORD,BTV,-7,40,7,-1,99,763
5/1/26 0:00,ORD,BTV,-4,35,6,-5,95,763
5/1/26 0:00,ORD,BTV,-1,41,6,5,95,763
5/1/26 0:00,ORD,BTV,10,27,5,-6,96,763
5/1/26 0:00,ORD,BUF,-8,12,3,-27,67,474
5/1/26 0:00,ORD,BUF,-7,29,7,-15,66,474
5/1/26 0:00,ORD,BUF,-4,27,5,-9,65,474
5/1/26 0:00,ORD,BUF,-2,28,4,-6,64,474
5/1/26 0:00,ORD,BUF,18,17,4,6,68,474
5/1/26 0:00,ORD,BUF,104,12,4,83,66,474
5/1/26 0:00,ORD,BUF,104,36,3,98,61,474
5/1/26 0:00,ORD,BWI,-11,55,3,-3,73,622
5/1/26 0:00,ORD,BWI,-9,20,16,-18,81,622
5/1/26 0:00,ORD,BWI,-7,17,5,-20,88,622
5/1/26 0:00,ORD,BWI,-4,22,4,-20,85,622
5/1/26 0:00,ORD,BWI,-4,29,7,-18,79,622
5/1/26 0:00,ORD,BWI,-2,36,4,-9,76,622
5/1/26 0:00,ORD,BWI,2,33,5,-7,77,622
5/1/26 0:00,ORD,BWI,7,33,4,-4,74,622
5/1/26 0:00,ORD,BWI,116,55,5,125,76,622
5/1/26 0:00,ORD,BZN,-6,54,5,3,155,1185
5/1/26 0:00,ORD,BZN,-4,22,5,-24,161,1185
5/1/26 0:00,ORD,CAE,-3,19,5,-24,86,666
5/1/26 0:00,ORD,CAK,-12,38,6,-1,56,344
5/1/26 0:00,ORD,CAK,-7,24,6,-18,56,344
5/1/26 0:00,ORD,CAK,-4,22,3,-20,56,344
5/1/26 0:00,ORD,CAK,-2,40,6,-2,54,344
5/1/26 0:00,ORD,CAK,-2,59,4,17,58,344
5/1/26 0:00,ORD,CAK,2,32,4,2,58,344
5/1/26 0:00,ORD,CAK,63,32,5,58,54,344
5/1/26 0:00,ORD,CAK,149,49,6,161,53,344
5/1/26 0:00,ORD,CHA,-7,28,5,-14,72,501
5/1/26 0:00,ORD,CHA,24,13,5,0,70,501
5/1/26 0:00,ORD,CHA,45,38,15,58,73,501
5/1/26 0:00,ORD,CHO,-9,35,4,-19,74,566
5/1/26 0:00,ORD,CHO,-4,52,5,15,80,566
5/1/26 0:00,ORD,CHO,6,31,3,-14,71,566
5/1/26 0:00,ORD,CHO,35,31,4,19,79,566
5/1/26 0:00,ORD,CHO,94,35,3,95,78,566
5/1/26 0:00,ORD,CHS,-9,14,28,0,104,760
5/1/26 0:00,ORD,CHS,-4,48,7,5,101,760
5/1/26 0:00,ORD,CHS,-2,44,12,13,105,760
5/1/26 0:00,ORD,CHS,122,59,8,154,104,760
5/1/26 0:00,ORD,CID,-7,25,6,-17,37,196
5/1/26 0:00,ORD,CID,-7,46,4,6,38,196
5/1/26 0:00,ORD,CID,-3,22,7,-14,34,196
5/1/26 0:00,ORD,CID,-2,51,15,23,34,196
5/1/26 0:00,ORD,CID,8,43,9,20,37,196
5/1/26 0:00,ORD,CID,13,37,6,11,34,196
5/1/26 0:00,ORD,CID,22,23,6,8,39,196
5/1/26 0:00,ORD,CID,28,48,7,42,39,196
5/1/26 0:00,ORD,CID,29,33,6,30,36,196
5/1/26 0:00,ORD,CKB,-10,24,2,-26,62,444
5/1/26 0:00,ORD,CLE,-8,30,6,-12,46,316
5/1/26 0:00,ORD,CLE,-8,36,4,-9,50,316
5/1/26 0:00,ORD,CLE,-6,45,6,-1,49,316
5/1/26 0:00,ORD,CLE,-5,12,26,-5,52,316
5/1/26 0:00,ORD,CLE,-4,16,4,-26,45,316
5/1/26 0:00,ORD,CLE,-3,19,5,-20,48,316
5/1/26 0:00,ORD,CLE,-2,39,6,6,49,316
5/1/26 0:00,ORD,CLE,-2,46,4,7,46,316
5/1/26 0:00,ORD,CLE,-1,25,5,-5,52,316
5/1/26 0:00,ORD,CLE,0,23,4,-10,49,316
5/1/26 0:00,ORD,CLE,2,31,3,-6,46,316
5/1/26 0:00,ORD,CLE,6,39,9,12,47,316
5/1/26 0:00,ORD,CLE,8,20,12,-1,49,316
5/1/26 0:00,ORD,CLE,13,49,9,33,48,316
5/1/26 0:00,ORD,CLE,14,38,7,17,49,316
5/1/26 0:00,ORD,CLE,34,28,8,27,50,316
5/1/26 0:00,ORD,CLE,44,44,7,52,47,316
5/1/26 0:00,ORD,CLT,-9,30,24,-8,75,599
5/1/26 0:00,ORD,CLT,-8,14,15,-25,80,599
5/1/26 0:00,ORD,CLT,-8,26,13,-24,88,599
5/1/26 0:00,ORD,CLT,-4,17,7,-33,78,599
5/1/26 0:00,ORD,CLT,-3,17,8,-31,79,599
5/1/26 0:00,ORD,CLT,-1,20,6,-22,80,599
5/1/26 0:00,ORD,CLT,-1,29,10,-16,77,599
5/1/26 0:00,ORD,CLT,-1,58,11,16,86,599
5/1/26 0:00,ORD,CLT,0,28,18,-10,78,599
5/1/26 0:00,ORD,CLT,6,17,18,-15,79,599
5/1/26 0:00,ORD,CLT,18,11,5,-15,76,599
5/1/26 0:00,ORD,CLT,21,11,20,-8,75,599
5/1/26 0:00,ORD,CLT,26,17,8,-1,81,599
5/1/26 0:00,ORD,CLT,42,21,5,20,83,599
5/1/26 0:00,ORD,CMH,-9,38,7,-5,51,296
5/1/26 0:00,ORD,CMH,-8,31,6,-14,47,296
5/1/26 0:00,ORD,CMH,-7,22,15,-15,46,296
5/1/26 0:00,ORD,CMH,-6,39,4,-2,51,296
5/1/26 0:00,ORD,CMH,-4,18,5,-20,48,296
5/1/26 0:00,ORD,CMH,-4,23,5,-18,49,296
5/1/26 0:00,ORD,CMH,-3,33,6,-4,46,296
5/1/26 0:00,ORD,CMH,-2,22,5,-19,49,296
5/1/26 0:00,ORD,CMH,-2,29,6,-7,51,296
5/1/26 0:00,ORD,CMH,-1,24,14,-7,49,296
5/1/26 0:00,ORD,CMH,-1,32,10,-6,48,296
5/1/26 0:00,ORD,CMH,0,22,12,-6,51,296
5/1/26 0:00,ORD,CMH,8,20,4,-12,48,296
5/1/26 0:00,ORD,CMH,10,38,10,12,48,296
5/1/26 0:00,ORD,CMH,17,23,6,10,47,296
5/1/26 0:00,ORD,CMH,19,24,6,8,51,296
5/1/26 0:00,ORD,CMI,-10,17,5,-25,30,135
5/1/26 0:00,ORD,CMI,-4,43,6,12,31,135
5/1/26 0:00,ORD,CMI,9,18,5,-7,29,135
5/1/26 0:00,ORD,CMX,-7,33,5,-9,57,360
5/1/26 0:00,ORD,CMX,34,32,5,34,59,360
5/1/26 0:00,ORD,COS,-6,76,5,6,122,911
5/1/26 0:00,ORD,COS,-3,36,7,-4,135,911
5/1/26 0:00,ORD,COS,11,35,6,5,134,911
5/1/26 0:00,ORD,COU,-10,39,3,-13,55,315
5/1/26 0:00,ORD,COU,-6,23,5,-30,51,315
5/1/26 0:00,ORD,COU,-2,26,4,-3,60,315
5/1/26 0:00,ORD,COU,1,33,3,5,59,315
5/1/26 0:00,ORD,COU,4,50,4,23,57,315
5/1/26 0:00,ORD,COU,26,33,4,23,54,315
5/1/26 0:00,ORD,CRW,-2,48,4,14,60,416
5/1/26 0:00,ORD,CRW,0,35,3,-4,62,416
5/1/26 0:00,ORD,CRW,3,40,3,8,71,416
5/1/26 0:00,ORD,CRW,22,39,3,12,61,416
5/1/26 0:00,ORD,CVG,-9,22,6,-13,43,264
5/1/26 0:00,ORD,CVG,-6,20,6,-17,42,264
5/1/26 0:00,ORD,CVG,-5,43,5,8,48,264
5/1/26 0:00,ORD,CVG,-4,22,4,-12,51,264
5/1/26 0:00,ORD,CVG,-4,36,5,-1,46,264
5/1/26 0:00,ORD,CVG,-4,38,4,-3,48,264
5/1/26 0:00,ORD,CVG,-4,48,9,16,47,264
5/1/26 0:00,ORD,CVG,1,24,9,-6,48,264
5/1/26 0:00,ORD,CVG,2,57,5,22,45,264
5/1/26 0:00,ORD,CVG,3,15,5,-17,47,264
5/1/26 0:00,ORD,CVG,18,17,11,6,46,264
5/1/26 0:00,ORD,CVG,23,22,4,11,51,264
5/1/26 0:00,ORD,CVG,26,27,19,27,41,264
5/1/26 0:00,ORD,CVG,48,27,4,38,49,264
5/1/26 0:00,ORD,CVG,57,27,6,47,47,264
5/1/26 0:00,ORD,CWA,-6,25,3,-14,41,213
5/1/26 0:00,ORD,CWA,12,37,3,9,39,213
5/1/26 0:00,ORD,CWA,33,29,3,35,47,213
5/1/26 0:00,ORD,DAL,49,19,4,40,118,798
5/1/26 0:00,ORD,DAY,-8,19,8,-27,41,240
5/1/26 0:00,ORD,DAY,-6,36,5,-1,48,240
5/1/26 0:00,ORD,DAY,-4,39,5,-1,42,240
5/1/26 0:00,ORD,DAY,-2,34,4,-5,42,240
5/1/26 0:00,ORD,DAY,26,26,6,17,42,240
5/1/26 0:00,ORD,DCA,-13,20,12,-34,81,612
5/1/26 0:00,ORD,DCA,-6,28,4,-16,77,612
5/1/26 0:00,ORD,DCA,-6,31,2,-7,85,612
5/1/26 0:00,ORD,DCA,-5,12,11,-24,78,612
5/1/26 0:00,ORD,DCA,-5,14,2,-22,86,612
5/1/26 0:00,ORD,DCA,-5,25,4,-23,78,612
5/1/26 0:00,ORD,DCA,-5,52,2,16,85,612
5/1/26 0:00,ORD,DCA,-3,27,4,-8,84,612
5/1/26 0:00,ORD,DCA,-3,30,4,8,94,612
5/1/26 0:00,ORD,DCA,-2,44,6,-2,78,612
5/1/26 0:00,ORD,DCA,-1,23,5,-15,78,612
5/1/26 0:00,ORD,DCA,-1,33,3,-11,78,612
5/1/26 0:00,ORD,DCA,0,21,4,-19,72,612
5/1/26 0:00,ORD,DCA,0,30,3,-7,79,612
5/1/26 0:00,ORD,DCA,2,25,3,-16,76,612
5/1/26 0:00,ORD,DCA,4,32,6,-1,82,612
5/1/26 0:00,ORD,DCA,10,16,2,2,90,612
5/1/26 0:00,ORD,DCA,18,35,2,3,74,612
5/1/26 0:00,ORD,DCA,20,48,3,17,81,612
5/1/26 0:00,ORD,DCA,34,25,4,24,84,612
5/1/26 0:00,ORD,DEC,-11,28,4,-20,32,156
5/1/26 0:00,ORD,DEC,47,27,6,47,35,156
5/1/26 0:00,ORD,DEN,-6,19,9,-21,129,888
5/1/26 0:00,ORD,DEN,-4,32,10,-9,125,888
5/1/26 0:00,ORD,DEN,-4,40,10,-15,118,888
5/1/26 0:00,ORD,DEN,-2,38,5,-10,119,888
5/1/26 0:00,ORD,DEN,-1,20,7,-22,125,888
5/1/26 0:00,ORD,DEN,-1,32,8,-4,129,888
5/1/26 0:00,ORD,DEN,-1,54,12,14,125,888
5/1/26 0:00,ORD,DEN,1,32,8,-7,128,888
5/1/26 0:00,ORD,DEN,2,18,9,-23,124,888
5/1/26 0:00,ORD,DEN,2,54,10,14,124,888
5/1/26 0:00,ORD,DEN,3,23,16,-2,119,888
5/1/26 0:00,ORD,DEN,3,32,8,-3,129,888
5/1/26 0:00,ORD,DEN,4,23,7,-28,116,888
5/1/26 0:00,ORD,DEN,5,18,17,-14,121,888
5/1/26 0:00,ORD,DEN,12,35,9,4,124,888
5/1/26 0:00,ORD,DEN,19,47,9,16,117,888
5/1/26 0:00,ORD,DEN,40,23,10,14,120,888
5/1/26 0:00,ORD,DEN,100,25,10,79,117,888
5/1/26 0:00,ORD,DFW,-8,16,13,-7,134,802
5/1/26 0:00,ORD,DFW,-6,45,11,5,125,802
5/1/26 0:00,ORD,DFW,-4,19,15,-12,126,802
5/1/26 0:00,ORD,DFW,-3,15,11,-9,127,802
5/1/26 0:00,ORD,DFW,-3,17,9,-13,125,802
5/1/26 0:00,ORD,DFW,-3,17,20,0,129,802
5/1/26 0:00,ORD,DFW,-3,19,11,-12,132,802
5/1/26 0:00,ORD,DFW,-2,22,12,4,132,802
5/1/26 0:00,ORD,DFW,-2,26,13,15,137,802
5/1/26 0:00,ORD,DFW,0,19,12,-7,133,802
5/1/26 0:00,ORD,DFW,0,27,12,3,128,802
5/1/26 0:00,ORD,DFW,1,24,15,10,130,802
5/1/26 0:00,ORD,DFW,1,31,10,13,141,802
5/1/26 0:00,ORD,DFW,3,38,17,4,124,802
5/1/26 0:00,ORD,DFW,7,13,7,-8,122,802
5/1/26 0:00,ORD,DFW,7,35,11,13,131,802
5/1/26 0:00,ORD,DFW,8,23,11,-9,122,802
5/1/26 0:00,ORD,DFW,11,17,6,3,127,802
5/1/26 0:00,ORD,DFW,18,24,8,30,142,802
5/1/26 0:00,ORD,DFW,27,28,12,27,131,802
5/1/26 0:00,ORD,DFW,33,22,8,31,128,802
5/1/26 0:00,ORD,DLH,-11,53,4,3,66,397
5/1/26 0:00,ORD,DLH,-8,25,4,-17,67,397
5/1/26 0:00,ORD,DLH,-2,39,4,2,63,397
5/1/26 0:00,ORD,DLH,10,48,6,22,67,397
5/1/26 0:00,ORD,DSM,-18,21,5,-31,54,299
5/1/26 0:00,ORD,DSM,-9,27,7,-20,53,299
5/1/26 0:00,ORD,DSM,-6,37,3,-2,50,299
5/1/26 0:00,ORD,DSM,-6,53,8,10,51,299
5/1/26 0:00,ORD,DSM,-3,71,6,26,47,299
5/1/26 0:00,ORD,DSM,-2,26,7,-7,49,299
5/1/26 0:00,ORD,DSM,-2,27,11,-8,52,299
5/1/26 0:00,ORD,DSM,-2,31,12,2,52,299
5/1/26 0:00,ORD,DSM,0,27,6,2,49,299
5/1/26 0:00,ORD,DSM,3,35,5,0,49,299
5/1/26 0:00,ORD,DSM,6,32,6,-4,48,299
5/1/26 0:00,ORD,DSM,25,48,6,33,47,299
5/1/26 0:00,ORD,DSM,41,47,6,50,50,299
5/1/26 0:00,ORD,DTW,-6,25,7,-27,47,235
5/1/26 0:00,ORD,DTW,-6,27,5,-14,46,235
5/1/26 0:00,ORD,DTW,-6,31,10,-10,51,235
5/1/26 0:00,ORD,DTW,-5,28,7,-5,56,235
5/1/26 0:00,ORD,DTW,-4,21,7,-27,48,235
5/1/26 0:00,ORD,DTW,-4,24,12,-13,49,235
5/1/26 0:00,ORD,DTW,-4,60,9,23,49,235
5/1/26 0:00,ORD,DTW,-3,32,13,-6,48,235
5/1/26 0:00,ORD,DTW,-1,20,9,-12,48,235
5/1/26 0:00,ORD,DTW,-1,21,13,-5,51,235
5/1/26 0:00,ORD,DTW,-1,36,8,7,48,235
5/1/26 0:00,ORD,DTW,-1,38,6,10,57,235
5/1/26 0:00,ORD,DTW,2,18,8,-10,50,235
5/1/26 0:00,ORD,DTW,20,33,10,19,50,235
5/1/26 0:00,ORD,DTW,43,13,6,32,50,235
5/1/26 0:00,ORD,DTW,81,25,7,71,48,235
5/1/26 0:00,ORD,DTW,85,22,7,71,49,235
5/1/26 0:00,ORD,DTW,109,25,11,110,51,235
5/1/26 0:00,ORD,DTW,122,42,7,130,50,235
5/1/26 0:00,ORD,EAR,-9,46,5,7,94,583
5/1/26 0:00,ORD,EAU,-9,53,2,28,66,269
5/1/26 0:00,ORD,EAU,-3,30,4,-4,51,269
5/1/26 0:00,ORD,ECP,-9,23,8,-21,111,810
5/1/26 0:00,ORD,ECP,-8,15,31,-8,110,810
5/1/26 0:00,ORD,ECP,-3,37,4,0,113,810
5/1/26 0:00,ORD,ELP,24,42,4,26,175,1236
5/1/26 0:00,ORD,ELP,66,38,8,85,174,1236
5/1/26 0:00,ORD,EUG,-2,42,8,-4,233,1780
5/1/26 0:00,ORD,EVV,-8,26,6,-13,43,272
5/1/26 0:00,ORD,EVV,30,19,8,22,49,272
5/1/26 0:00,ORD,EWR,-7,36,8,-16,92,719
5/1/26 0:00,ORD,EWR,-4,21,13,-11,91,719
5/1/26 0:00,ORD,EWR,-4,31,5,-24,88,719
5/1/26 0:00,ORD,EWR,-3,15,36,6,90,719
5/1/26 0:00,ORD,EWR,-3,18,9,-25,91,719
5/1/26 0:00,ORD,EWR,-3,24,6,-22,91,719
5/1/26 0:00,ORD,EWR,-3,29,11,-13,91,719
5/1/26 0:00,ORD,EWR,-2,26,8,-19,90,719
5/1/26 0:00,ORD,EWR,-2,27,24,-2,94,719
5/1/26 0:00,ORD,EWR,-2,41,7,-8,91,719
5/1/26 0:00,ORD,EWR,-1,27,17,9,93,719
5/1/26 0:00,ORD,EWR,5,27,9,-9,89,719
5/1/26 0:00,ORD,EWR,6,32,6,-11,85,719
5/1/26 0:00,ORD,EWR,15,42,20,22,90,719
5/1/26 0:00,ORD,EWR,21,36,6,14,91,719
5/1/26 0:00,ORD,EWR,36,39,6,31,93,719
5/1/26 0:00,ORD,EWR,70,30,16,63,90,719
5/1/26 0:00,ORD,EWR,94,20,14,75,88,719
5/1/26 0:00,ORD,EWR,140,22,7,117,90,719
5/1/26 0:00,ORD,EYW,-8,23,3,-39,151,1251
5/1/26 0:00,ORD,EYW,-5,28,9,-13,159,1251
5/1/26 0:00,ORD,EYW,8,26,5,-4,163,1251
5/1/26 0:00,ORD,FAI,-3,18,4,-9,365,2785
5/1/26 0:00,ORD,FAR,-7,33,7,-12,82,557
5/1/26 0:00,ORD,FAR,-6,26,4,-13,89,557
5/1/26 0:00,ORD,FAR,-5,27,11,-15,83,557
5/1/26 0:00,ORD,FAR,-2,23,3,-19,84,557
5/1/26 0:00,ORD,FAR,-1,65,5,19,87,557
5/1/26 0:00,ORD,FAR,32,24,3,9,80,557
5/1/26 0:00,ORD,FAR,67,51,9,81,81,557
5/1/26 0:00,ORD,FAT,17,53,8,24,222,1730
5/1/26 0:00,ORD,FLL,-2,22,3,-21,154,1182
5/1/26 0:00,ORD,FLL,2,26,4,-13,152,1182
5/1/26 0:00,ORD,FLL,5,34,6,9,161,1182
5/1/26 0:00,ORD,FLL,18,19,4,10,154,1182
5/1/26 0:00,ORD,FLL,20,14,8,6,149,1182
5/1/26 0:00,ORD,FLL,24,35,4,18,158,1182
5/1/26 0:00,ORD,FLL,38,22,7,45,166,1182
5/1/26 0:00,ORD,FLL,45,15,8,41,162,1182
5/1/26 0:00,ORD,FLL,160,31,4,178,167,1182
5/1/26 0:00,ORD,FLL,175,35,7,174,156,1182
5/1/26 0:00,ORD,FNT,-6,27,3,-10,37,223
5/1/26 0:00,ORD,FNT,-4,32,3,-14,39,223
5/1/26 0:00,ORD,FNT,8,52,4,21,36,223
5/1/26 0:00,ORD,FNT,20,30,6,18,41,223
5/1/26 0:00,ORD,FNT,37,14,5,18,39,223
5/1/26 0:00,ORD,FNT,152,31,4,142,38,223
5/1/26 0:00,ORD,FNT,173,33,4,167,36,223
5/1/26 0:00,ORD,FOD,-10,30,3,-11,57,324
5/1/26 0:00,ORD,FOD,262,37,6,259,54,324
5/1/26 0:00,ORD,FSD,-5,14,4,-30,69,462
5/1/26 0:00,ORD,FSD,-2,18,4,-25,70,462
5/1/26 0:00,ORD,FSD,0,27,4,-17,70,462
5/1/26 0:00,ORD,FSD,4,20,9,-11,69,462
5/1/26 0:00,ORD,FSD,5,27,4,-6,72,462
5/1/26 0:00,ORD,FWA,-10,82,6,37,30,157
5/1/26 0:00,ORD,FWA,-4,26,4,-12,33,157
5/1/26 0:00,ORD,FWA,-4,61,6,25,31,157
5/1/26 0:00,ORD,FWA,-3,22,5,-10,36,157
5/1/26 0:00,ORD,FWA,-1,28,6,-7,33,157
5/1/26 0:00,ORD,FWA,1,54,9,16,30,157
5/1/26 0:00,ORD,FWA,10,20,4,-6,32,157
5/1/26 0:00,ORD,FWA,20,34,4,14,29,157
5/1/26 0:00,ORD,FWA,29,13,3,4,32,157
5/1/26 0:00,ORD,GEG,2,54,4,5,201,1498
5/1/26 0:00,ORD,GEG,46,41,5,44,194,1498
5/1/26 0:00,ORD,GRB,-4,19,3,-24,32,173
5/1/26 0:00,ORD,GRB,-4,25,3,-17,34,173
5/1/26 0:00,ORD,GRB,-3,23,4,-19,33,173
5/1/26 0:00,ORD,GRB,-2,29,4,-15,33,173
5/1/26 0:00,ORD,GRB,5,30,4,6,36,173
5/1/26 0:00,ORD,GRB,19,41,4,29,33,173
5/1/26 0:00,ORD,GRB,19,43,3,27,34,173
5/1/26 0:00,ORD,GRB,31,52,4,38,33,173
5/1/26 0:00,ORD,GRR,-7,31,4,-12,30,137
5/1/26 0:00,ORD,GRR,-6,27,4,-16,30,137
5/1/26 0:00,ORD,GRR,-6,31,3,-12,27,137
5/1/26 0:00,ORD,GRR,-3,18,3,-23,29,137
5/1/26 0:00,ORD,GRR,-3,21,14,1,35,137
5/1/26 0:00,ORD,GRR,-2,24,4,-12,34,137
5/1/26 0:00,ORD,GRR,-2,32,5,1,36,137
5/1/26 0:00,ORD,GRR,0,42,5,2,29,137
5/1/26 0:00,ORD,GRR,1,29,3,-4,32,137
5/1/26 0:00,ORD,GRR,2,34,7,-2,27,137
5/1/26 0:00,ORD,GRR,4,56,5,19,25,137
5/1/26 0:00,ORD,GRR,10,38,3,5,29,137
5/1/26 0:00,ORD,GRR,13,52,4,33,31,137
5/1/26 0:00,ORD,GRR,47,23,3,37,29,137
5/1/26 0:00,ORD,GSO,-7,17,5,-31,78,589
5/1/26 0:00,ORD,GSO,-7,19,5,-36,75,589
5/1/26 0:00,ORD,GSO,-6,20,4,-25,81,589
5/1/26 0:00,ORD,GSO,-5,48,4,2,82,589
5/1/26 0:00,ORD,GSO,-2,15,5,-24,82,589
5/1/26 0:00,ORD,GSO,-2,56,7,17,79,589
5/1/26 0:00,ORD,GSO,41,23,3,22,80,589
5/1/26 0:00,ORD,GSP,-4,25,3,-25,75,577
5/1/26 0:00,ORD,GSP,-4,25,4,-25,73,577
5/1/26 0:00,ORD,GSP,0,34,4,-1,78,577
5/1/26 0:00,ORD,GSP,0,51,3,17,82,577
5/1/26 0:00,ORD,GSP,7,25,4,-15,77,577
5/1/26 0:00,ORD,GSP,286,28,3,271,75,577
5/1/26 0:00,ORD,HHH,113,48,7,136,114,781
5/1/26 0:00,ORD,HNL,11,27,4,-27,483,4243
5/1/26 0:00,ORD,HPN,-6,24,5,-19,97,738
5/1/26 0:00,ORD,HPN,-1,28,4,5,110,738
5/1/26 0:00,ORD,HPN,19,37,4,14,91,738
5/1/26 0:00,ORD,HPN,66,21,5,40,91,738
5/1/26 0:00,ORD,HSV,-5,22,4,-18,79,510
5/1/26 0:00,ORD,HSV,111,44,4,118,73,510
5/1/26 0:00,ORD,IAD,-5,25,3,-24,76,588
5/1/26 0:00,ORD,IAD,0,39,6,0,78,588
5/1/26 0:00,ORD,IAD,1,20,7,-16,74,588
5/1/26 0:00,ORD,IAD,5,35,14,7,76,588
5/1/26 0:00,ORD,IAD,5,39,31,23,71,588
5/1/26 0:00,ORD,IAD,10,53,5,21,76,588
5/1/26 0:00,ORD,IAD,42,26,6,23,72,588
5/1/26 0:00,ORD,IAH,-3,21,14,17,164,925
5/1/26 0:00,ORD,IAH,-3,33,14,3,145,925
5/1/26 0:00,ORD,IAH,-2,21,30,34,172,925
5/1/26 0:00,ORD,IAH,-1,76,17,88,177,925
5/1/26 0:00,ORD,IAH,3,26,13,-1,140,925
5/1/26 0:00,ORD,IAH,6,52,15,58,172,925
5/1/26 0:00,ORD,IAH,6,59,14,57,165,925
5/1/26 0:00,ORD,IAH,30,13,33,54,148,925
5/1/26 0:00,ORD,IAH,42,43,12,78,167,925
5/1/26 0:00,ORD,IAH,49,55,12,82,152,925
5/1/26 0:00,ORD,IAH,59,41,15,80,151,925
5/1/26 0:00,ORD,IAH,61,26,18,85,162,925
5/1/26 0:00,ORD,IAH,76,48,20,129,169,925
5/1/26 0:00,ORD,IAH,112,55,22,173,167,925
5/1/26 0:00,ORD,IAH,118,33,19,140,151,925
5/1/26 0:00,ORD,IAH,140,43,16,169,156,925
5/1/26 0:00,ORD,IAH,145,16,17,145,141,925
5/1/26 0:00,ORD,IAH,147,18,14,139,144,925
5/1/26 0:00,ORD,ICT,-11,49,47,43,94,588
5/1/26 0:00,ORD,ICT,-6,42,5,6,101,588
5/1/26 0:00,ORD,ICT,-2,26,11,0,98,588
5/1/26 0:00,ORD,ICT,-1,40,40,48,102,588
5/1/26 0:00,ORD,ICT,1,27,6,-1,95,588
5/1/26 0:00,ORD,ICT,21,27,8,12,88,588
5/1/26 0:00,ORD,ICT,47,28,5,32,91,588
5/1/26 0:00,ORD,ILM,-8,21,7,-25,101,760
5/1/26 0:00,ORD,ILM,0,28,4,-12,97,760
5/1/26 0:00,ORD,IND,-8,30,5,-10,35,177
5/1/26 0:00,ORD,IND,-7,53,9,15,33,177
5/1/26 0:00,ORD,IND,-6,29,5,-5,35,177
5/1/26 0:00,ORD,IND,-5,27,7,-13,31,177
5/1/26 0:00,ORD,IND,-5,27,8,-13,33,177
5/1/26 0:00,ORD,IND,-5,33,4,-6,35,177
5/1/26 0:00,ORD,IND,-4,30,5,-9,33,177
5/1/26 0:00,ORD,IND,-4,49,5,8,35,177
5/1/26 0:00,ORD,IND,-3,39,4,7,33,177
5/1/26 0:00,ORD,IND,-3,48,5,6,32,177
5/1/26 0:00,ORD,IND,-2,26,6,-12,33,177
5/1/26 0:00,ORD,IND,-1,30,4,-6,32,177
5/1/26 0:00,ORD,IND,0,66,5,25,31,177
5/1/26 0:00,ORD,IND,3,14,9,-14,32,177
5/1/26 0:00,ORD,IND,4,30,6,-2,31,177
5/1/26 0:00,ORD,IND,8,19,6,-8,32,177
5/1/26 0:00,ORD,IND,9,48,5,20,33,177
5/1/26 0:00,ORD,IND,17,32,3,12,30,177
5/1/26 0:00,ORD,IND,26,12,5,11,36,177
5/1/26 0:00,ORD,IND,38,30,5,28,35,177
5/1/26 0:00,ORD,IND,39,30,3,33,33,177
5/1/26 0:00,ORD,JAX,-7,33,8,-6,116,864
5/1/26 0:00,ORD,JAX,-6,20,12,-17,115,864
5/1/26 0:00,ORD,JAX,-1,49,5,7,110,864
5/1/26 0:00,ORD,JAX,5,22,6,-2,115,864
5/1/26 0:00,ORD,JAX,17,25,9,8,114,864
5/1/26 0:00,ORD,JAX,20,42,5,20,111,864
5/1/26 0:00,ORD,JFK,-9,33,6,-12,96,740
5/1/26 0:00,ORD,JFK,-3,22,9,-22,95,740
5/1/26 0:00,ORD,JFK,10,25,10,-6,98,740
5/1/26 0:00,ORD,JFK,24,27,11,15,102,740
5/1/26 0:00,ORD,JFK,50,18,20,43,102,740
5/1/26 0:00,ORD,JLN,7,25,4,7,88,484
5/1/26 0:00,ORD,JST,-8,27,5,-14,70,487
5/1/26 0:00,ORD,LAF,5,32,3,9,29,119
5/1/26 0:00,ORD,LAF,20,20,10,20,30,119
5/1/26 0:00,ORD,LAN,5,38,3,13,37,179
5/1/26 0:00,ORD,LAN,18,40,3,24,34,179
5/1/26 0:00,ORD,LAS,-8,21,11,-31,189,1514
5/1/26 0:00,ORD,LAS,-6,70,6,17,197,1514
5/1/26 0:00,ORD,LAS,-3,15,11,-14,203,1514
5/1/26 0:00,ORD,LAS,-2,30,11,-5,203,1514
5/1/26 0:00,ORD,LAS,-2,48,7,2,204,1514
5/1/26 0:00,ORD,LAS,-2,54,12,3,190,1514
5/1/26 0:00,ORD,LAS,0,18,7,-28,203,1514
5/1/26 0:00,ORD,LAS,0,46,11,22,219,1514
5/1/26 0:00,ORD,LAS,7,28,8,-16,197,1514
5/1/26 0:00,ORD,LAS,11,39,5,20,205,1514
5/1/26 0:00,ORD,LAS,39,31,6,11,186,1514
5/1/26 0:00,ORD,LAS,53,33,6,30,187,1514
5/1/26 0:00,ORD,LAS,58,47,15,59,191,1514
5/1/26 0:00,ORD,LAS,62,34,9,35,183,1514
5/1/26 0:00,ORD,LAS,78,23,9,29,186,1514
5/1/26 0:00,ORD,LAS,82,32,5,69,190,1514
5/1/26 0:00,ORD,LAS,88,34,6,58,182,1514
5/1/26 0:00,ORD,LAS,153,27,10,146,202,1514
5/1/26 0:00,ORD,LAS,230,29,7,202,184,1514
5/1/26 0:00,ORD,LAX,-8,32,19,-15,227,1744
5/1/26 0:00,ORD,LAX,-6,16,11,-19,237,1744
5/1/26 0:00,ORD,LAX,-6,38,11,-15,227,1744
5/1/26 0:00,ORD,LAX,-5,39,20,7,230,1744
5/1/26 0:00,ORD,LAX,-4,26,12,-23,226,1744
5/1/26 0:00,ORD,LAX,-3,20,5,-26,234,1744
5/1/26 0:00,ORD,LAX,-3,37,9,-7,226,1744
5/1/26 0:00,ORD,LAX,-2,34,12,0,233,1744
5/1/26 0:00,ORD,LAX,-2,53,6,-5,221,1744
5/1/26 0:00,ORD,LAX,-1,26,8,-22,228,1744
5/1/26 0:00,ORD,LAX,0,33,7,-5,235,1744
5/1/26 0:00,ORD,LAX,1,17,23,-18,220,1744
5/1/26 0:00,ORD,LAX,4,39,5,-18,212,1744
5/1/26 0:00,ORD,LAX,6,17,15,-12,234,1744
5/1/26 0:00,ORD,LAX,7,57,24,15,208,1744
5/1/26 0:00,ORD,LAX,16,23,4,-20,216,1744
5/1/26 0:00,ORD,LAX,17,30,7,-4,221,1744
5/1/26 0:00,ORD,LAX,38,17,8,4,221,1744
5/1/26 0:00,ORD,LAX,55,58,18,68,214,1744
5/1/26 0:00,ORD,LEX,-11,50,6,8,53,323
5/1/26 0:00,ORD,LEX,-5,13,6,-26,51,323
5/1/26 0:00,ORD,LEX,3,44,4,13,51,323
5/1/26 0:00,ORD,LEX,5,62,3,30,49,323
5/1/26 0:00,ORD,LEX,60,37,5,57,49,323
5/1/26 0:00,ORD,LEX,743,31,5,738,51,323
5/1/26 0:00,ORD,LGA,-14,20,3,-36,93,733
5/1/26 0:00,ORD,LGA,-10,18,9,-13,101,733
5/1/26 0:00,ORD,LGA,-10,24,6,-22,90,733
5/1/26 0:00,ORD,LGA,-9,27,7,-16,95,733
5/1/26 0:00,ORD,LGA,-6,15,7,-24,96,733
5/1/26 0:00,ORD,LGA,-5,19,23,-9,92,733
5/1/26 0:00,ORD,LGA,-5,21,5,-31,86,733
5/1/26 0:00,ORD,LGA,-5,23,5,-24,91,733
5/1/26 0:00,ORD,LGA,-5,23,16,-13,88,733
5/1/26 0:00,ORD,LGA,-5,34,6,-14,94,733
5/1/26 0:00,ORD,LGA,-4,28,7,-8,95,733
5/1/26 0:00,ORD,LGA,-4,29,5,-15,93,733
5/1/26 0:00,ORD,LGA,-4,34,27,12,93,733
5/1/26 0:00,ORD,LGA,-3,40,9,8,100,733
5/1/26 0:00,ORD,LGA,-2,21,4,-31,89,733
5/1/26 0:00,ORD,LGA,0,21,7,-17,89,733
5/1/26 0:00,ORD,LGA,0,29,6,-9,94,733
5/1/26 0:00,ORD,LGA,1,26,20,3,94,733
5/1/26 0:00,ORD,LGA,4,15,4,-22,96,733
5/1/26 0:00,ORD,LGA,4,36,9,13,91,733
5/1/26 0:00,ORD,LGA,5,22,11,-4,96,733
5/1/26 0:00,ORD,LGA,8,28,3,1,93,733
5/1/26 0:00,ORD,LGA,9,28,6,-3,92,733
5/1/26 0:00,ORD,LGA,12,42,4,12,93,733
5/1/26 0:00,ORD,LGA,13,35,6,10,92,733
5/1/26 0:00,ORD,LGA,14,24,9,12,100,733
5/1/26 0:00,ORD,LGA,18,20,5,1,90,733
5/1/26 0:00,ORD,LGA,24,17,3,3,92,733
5/1/26 0:00,ORD,LGA,25,45,5,32,95,733
5/1/26 0:00,ORD,LGA,27,21,7,9,92,733
5/1/26 0:00,ORD,LGA,29,19,15,20,92,733
5/1/26 0:00,ORD,LGA,39,30,9,32,93,733
5/1/26 0:00,ORD,LGA,51,17,3,30,94,733
5/1/26 0:00,ORD,LGA,145,16,7,120,88,733
5/1/26 0:00,ORD,LIT,-1,32,6,3,88,552
5/1/26 0:00,ORD,LIT,1,22,7,-10,86,552
5/1/26 0:00,ORD,LIT,15,25,10,11,87,552
5/1/26 0:00,ORD,LNK,-7,23,5,-19,80,466
5/1/26 0:00,ORD,LNK,-5,38,5,-10,71,466
5/1/26 0:00,ORD,LNK,4,29,5,-8,73,466
5/1/26 0:00,ORD,LNK,13,35,6,14,76,466
5/1/26 0:00,ORD,LNK,60,26,5,44,73,466
5/1/26 0:00,ORD,LSE,-6,48,3,6,45,215
5/1/26 0:00,ORD,LSE,-2,34,5,0,44,215
5/1/26 0:00,ORD,LSE,37,24,4,21,42,215
5/1/26 0:00,ORD,LWB,-5,35,3,-10,70,489
5/1/26 0:00,ORD,LYH,71,33,9,64,77,564
5/1/26 0:00,ORD,MBS,-8,45,4,-1,41,222
5/1/26 0:00,ORD,MBS,13,57,4,37,42,222
5/1/26 0:00,ORD,MBS,17,26,3,13,41,222
5/1/26 0:00,ORD,MCI,-7,23,8,-17,67,403
5/1/26 0:00,ORD,MCI,-7,23,8,-16,67,403
5/1/26 0:00,ORD,MCI,-6,16,5,-25,65,403
5/1/26 0:00,ORD,MCI,-4,20,10,-19,71,403
5/1/26 0:00,ORD,MCI,-3,20,10,-11,76,403
5/1/26 0:00,ORD,MCI,-1,91,4,55,66,403
5/1/26 0:00,ORD,MCI,1,51,8,18,67,403
5/1/26 0:00,ORD,MCI,2,21,4,-17,62,403
5/1/26 0:00,ORD,MCI,3,21,6,-9,67,403
5/1/26 0:00,ORD,MCI,4,37,5,5,66,403
5/1/26 0:00,ORD,MCI,11,18,7,-4,67,403
5/1/26 0:00,ORD,MCI,17,26,7,6,70,403
5/1/26 0:00,ORD,MCI,24,23,5,9,68,403
5/1/26 0:00,ORD,MCI,41,20,4,20,65,403
5/1/26 0:00,ORD,MCO,-5,19,4,-26,123,1005
5/1/26 0:00,ORD,MCO,-4,21,21,-17,122,1005
5/1/26 0:00,ORD,MCO,-3,26,7,-3,136,1005
5/1/26 0:00,ORD,MCO,-3,29,8,-15,126,1005
5/1/26 0:00,ORD,MCO,-2,40,8,-9,124,1005
5/1/26 0:00,ORD,MCO,-2,41,8,0,128,1005
5/1/26 0:00,ORD,MCO,-1,12,17,-2,130,1005
5/1/26 0:00,ORD,MCO,0,36,5,-7,127,1005
5/1/26 0:00,ORD,MCO,1,21,6,-11,129,1005
5/1/26 0:00,ORD,MCO,2,41,8,6,130,1005
5/1/26 0:00,ORD,MCO,3,20,7,-13,121,1005
5/1/26 0:00,ORD,MCO,3,25,6,-14,127,1005
5/1/26 0:00,ORD,MCO,5,32,5,-1,134,1005
5/1/26 0:00,ORD,MCO,11,18,11,2,122,1005
5/1/26 0:00,ORD,MCO,22,21,7,17,132,1005
5/1/26 0:00,ORD,MCO,29,24,6,23,134,1005
5/1/26 0:00,ORD,MCO,38,37,11,45,130,1005
5/1/26 0:00,ORD,MCO,81,21,7,69,127,1005
5/1/26 0:00,ORD,MCW,-10,40,5,1,53,288
5/1/26 0:00,ORD,MCW,-10,62,6,17,50,288
5/1/26 0:00,ORD,MDT,-9,25,4,-22,75,594
5/1/26 0:00,ORD,MDT,-8,21,5,-28,76,594
5/1/26 0:00,ORD,MDT,-3,26,6,-13,77,594
5/1/26 0:00,ORD,MDT,-1,20,5,-15,75,594
5/1/26 0:00,ORD,MDT,0,20,7,-15,78,594
5/1/26 0:00,ORD,MDT,0,40,6,-2,76,594
5/1/26 0:00,ORD,MDT,5,17,6,-15,73,594
5/1/26 0:00,ORD,MEM,-8,27,5,-8,82,491
5/1/26 0:00,ORD,MEM,-5,25,14,-5,79,491
5/1/26 0:00,ORD,MEM,-4,30,4,-2,87,491
5/1/26 0:00,ORD,MEM,-3,53,9,27,92,491
5/1/26 0:00,ORD,MEM,-1,26,8,2,95,491
5/1/26 0:00,ORD,MEM,-1,49,3,14,81,491
5/1/26 0:00,ORD,MEM,20,23,5,13,84,491
5/1/26 0:00,ORD,MGW,8,45,4,20,64,449
5/1/26 0:00,ORD,MHK,-6,24,4,-13,81,501
5/1/26 0:00,ORD,MHK,54,23,16,48,76,501
5/1/26 0:00,ORD,MHT,-5,44,4,-3,101,843
5/1/26 0:00,ORD,MHT,14,18,5,-14,100,843
5/1/26 0:00,ORD,MHT,38,23,6,20,102,843
5/1/26 0:00,ORD,MIA,-6,18,10,-18,157,1197
5/1/26 0:00,ORD,MIA,-5,29,9,-11,156,1197
5/1/26 0:00,ORD,MIA,-5,33,13,-4,158,1197
5/1/26 0:00,ORD,MIA,-4,17,5,-33,144,1197
5/1/26 0:00,ORD,MIA,-3,22,6,-19,156,1197
5/1/26 0:00,ORD,MIA,0,15,6,-9,162,1197
5/1/26 0:00,ORD,MIA,1,15,7,-17,154,1197
5/1/26 0:00,ORD,MIA,7,62,8,29,152,1197
5/1/26 0:00,ORD,MIA,13,10,5,2,162,1197
5/1/26 0:00,ORD,MIA,28,13,6,11,156,1197
5/1/26 0:00,ORD,MIA,30,17,5,15,156,1197
5/1/26 0:00,ORD,MIA,46,25,10,37,153,1197
5/1/26 0:00,ORD,MKE,-6,35,6,-8,19,67
5/1/26 0:00,ORD,MKE,-5,33,4,-9,24,67
5/1/26 0:00,ORD,MKE,-5,39,5,-2,24,67
5/1/26 0:00,ORD,MKE,-5,46,4,11,24,67
5/1/26 0:00,ORD,MKE,-5,74,5,27,21,67
5/1/26 0:00,ORD,MKE,-4,32,4,-8,21,67
5/1/26 0:00,ORD,MKE,-3,39,4,0,21,67
5/1/26 0:00,ORD,MKE,-3,40,6,1,20,67
5/1/26 0:00,ORD,MKE,-2,39,4,-2,22,67
5/1/26 0:00,ORD,MKE,-2,42,9,10,22,67
5/1/26 0:00,ORD,MKE,-1,33,4,-9,20,67
5/1/26 0:00,ORD,MKE,-1,52,9,16,18,67
5/1/26 0:00,ORD,MKE,1,32,3,-7,19,67
5/1/26 0:00,ORD,MKE,2,62,6,23,19,67
5/1/26 0:00,ORD,MKE,4,23,3,-8,25,67
5/1/26 0:00,ORD,MKE,7,39,3,7,20,67
5/1/26 0:00,ORD,MKE,34,30,5,27,20,67
5/1/26 0:00,ORD,MKE,109,36,8,116,23,67
5/1/26 0:00,ORD,MLI,-11,42,5,-4,31,139
5/1/26 0:00,ORD,MLI,-6,28,5,-18,29,139
5/1/26 0:00,ORD,MLI,-5,26,4,-14,30,139
5/1/26 0:00,ORD,MLI,-4,48,4,9,30,139
5/1/26 0:00,ORD,MLI,-3,33,15,5,36,139
5/1/26 0:00,ORD,MLI,-2,23,5,-22,29,139
5/1/26 0:00,ORD,MLI,2,40,4,3,27,139
5/1/26 0:00,ORD,MLI,31,19,4,10,29,139
5/1/26 0:00,ORD,MLI,37,63,5,61,30,139
5/1/26 0:00,ORD,MQT,-4,28,5,-6,52,303
5/1/26 0:00,ORD,MQT,20,18,6,1,50,303
5/1/26 0:00,ORD,MQT,45,38,5,53,53,303
5/1/26 0:00,ORD,MSN,-11,32,3,-17,26,108
5/1/26 0:00,ORD,MSN,-6,21,4,-19,28,108
5/1/26 0:00,ORD,MSN,-6,30,5,-11,28,108
5/1/26 0:00,ORD,MSN,-6,31,6,-12,29,108
5/1/26 0:00,ORD,MSN,-5,25,4,-20,27,108
5/1/26 0:00,ORD,MSN,-3,23,3,-16,28,108
5/1/26 0:00,ORD,MSN,-3,46,2,6,26,108
5/1/26 0:00,ORD,MSN,-3,65,5,35,31,108
5/1/26 0:00,ORD,MSN,-2,28,3,-7,28,108
5/1/26 0:00,ORD,MSN,-1,27,4,-13,30,108
5/1/26 0:00,ORD,MSN,0,60,5,26,28,108
5/1/26 0:00,ORD,MSN,3,25,4,-8,24,108
5/1/26 0:00,ORD,MSN,8,30,5,-2,28,108
5/1/26 0:00,ORD,MSN,15,35,3,9,28,108
5/1/26 0:00,ORD,MSN,19,68,4,54,30,108
5/1/26 0:00,ORD,MSN,73,42,3,80,29,108
5/1/26 0:00,ORD,MSO,-3,25,4,-35,177,1332
5/1/26 0:00,ORD,MSP,-11,18,6,-27,57,334
5/1/26 0:00,ORD,MSP,-6,35,3,-13,56,334
5/1/26 0:00,ORD,MSP,-5,17,7,-11,71,334
5/1/26 0:00,ORD,MSP,-5,20,7,-16,62,334
5/1/26 0:00,ORD,MSP,-3,73,3,21,54,334
5/1/26 0:00,ORD,MSP,-2,21,3,-29,55,334
5/1/26 0:00,ORD,MSP,-2,34,3,12,81,334
5/1/26 0:00,ORD,MSP,-1,19,3,-20,66,334
5/1/26 0:00,ORD,MSP,-1,24,3,-17,54,334
5/1/26 0:00,ORD,MSP,0,21,27,-2,56,334
5/1/26 0:00,ORD,MSP,1,16,3,-18,60,334
5/1/26 0:00,ORD,MSP,3,23,28,16,58,334
5/1/26 0:00,ORD,MSP,5,22,5,-13,53,334
5/1/26 0:00,ORD,MSP,10,59,5,35,55,334
5/1/26 0:00,ORD,MSP,11,44,6,22,59,334